datetime,agree_to_participate_in_survey,legal_age,age,gender,state,city,education_level,education_level_ibge,monthly_family_income,time_in_job_market,employment_situation,job_level,professional_activity,main_job_search_channel,most_likely_communication_channel_to_impact_respondent,offered_benefits_importance,detailed_job_description_importance,salary_importance,about_the_company_importance,job_announcement_visual_quality_importance,announcement_text_size_importance,company_culture_importance,ex_employees_testimonies_importance,work_life_balance_importance,diversity_and_inclusion_intiatives_importance,carreer_plan_importance,prizes_and_recognition_importances,online_presence_importance,company_reputation_importance,company_size_importance,Você já deixou de se candidatar a uma vaga devido à má reputação da empresa?,Você tem alguma sugestão e/ou comentário sobre como as empresas podem melhorar suas estratégias de divulgação de vagas de emprego?
7/1/2024 16:47:19,1,1,Entre 30-34 anos,fem,São Paulo,São Paulo,Pós-graduação completa,Superior completo,,Mais de 3 até 6 anos,Empregado,Especialista,Educação,LinkedIn,"Menu ""Vagas"" no LinkedIn",4,4,4,,4,4,2,2,4,3,2,4,2,3,2,Não,"Seria importante o máximo de transparência, divulgando o horário e o regime de trabalho, além da faixa salarial aproximada."
7/3/2024 13:04:51,1,1,Entre 25-29 anos,masc,São Paulo,Osasco,Ensino Superior completo,Superior completo,"De R$ 3.001,00 a R$ 5.000,00",De 1 até 3 anos,Empregado(a),Analista Júnior,Tecnologia da Informação,LinkedIn,"Anúncios no Instagram, E-mail, Evento/feira de recrutamento/mutirões de emprego, Menu ""Vagas"" no LinkedIn",4,3,4,,2,2,3,4,4,3,4,4,1,4,3,1,"Eu costumo buscar mais detalhes sobre a vaga, entrar no site da empresa e procurar outras informações quando a empresa que a oferta tem muito conteúdo no LinkedIn referente aos seus projetos, resultados e produtos do ponto de vista das pessoas que alo trabalham. Por exemplo, empresas de tecnologia que divulgam seus projetos em código aberto me chamam muita atenção, já que tenho noção daquilo que possivelmente iriei influenciar caso ali trabalhe."
7/3/2024 15:27:00,1,1,Entre 25-29 anos,fem,São Paulo,Mauá,Pós-graduação completa,Superior completo,"De R$ 10.001,00 a R$ 20.000,00",Mais de 10 anos,Empregado(a),Especialista,Educação,Sites de vagas de emprego,E-mail,4,4,4,,4,3,3,4,3,4,4,4,3,4,2,1,"Acho que não tenho, mas, só com base no capricho desse questionário, estou certa de que você vai ter ideias brilhantes para isso <3 (Ah, ops, ia enviar e pensei em uma: divulga logo o salário pelo amor de Deus... pra que mistério, gente? Se o salário é 'a combinar', eu já acho que é o salário-mínimo e nem perco tempo me candidatando, rs.)"
7/16/2024 22:33:41,1,1,Entre 50-54 anos,fem,São Paulo,Osasco,Ensino Médio completo,Médio completo e superior incompleto,"De R$ 5.001,00 a R$ 10.000,00",Mais de 10 anos,Aposentado(a),Analista Júnior,Finanças e Contabilidade,Indicação de amigos/familiares,"E-mail, Mídia no ponto de ônibus ou metrô, Panfletos",4,4,4,,3,0,4,4,4,4,4,4,3,4,1,Não,
7/17/2024 9:35:39,1,1,Entre 25-29 anos,masc,São Paulo,São Paulo,Pós-gradução incompleta,Superior completo,"De R$ 10.001,00 a R$ 20.000,00",Mais de 6 até 10 anos,Empregado(a),Analista Sênior,Comércio Exterior,Sites de vagas de emprego,"Banner/cartaz/outdoor, Menu ""Vagas"" no LinkedIn",4,4,4,3,4,3,4,3,4,4,3,3,1,4,3,Não,
7/17/2024 10:05:14,1,1,Entre 40-44 anos,fem,São Paulo,Osasco,Ensino Superior incompleto,Médio completo e superior incompleto,"De R$ 10.001,00 a R$ 20.000,00",Mais de 10 anos,Empregado(a),Analista Pleno,Administração e Negócios,LinkedIn,"Menu ""Vagas"" no LinkedIn",4,4,4,2,1,1,3,2,4,2,3,3,2,4,3,Não,
7/17/2024 10:15:57,1,1,Entre 40-44 anos,fem,São Paulo,São Paulo,Pós-graduação completa,Superior completo,"De R$ 5.001,00 a R$ 10.000,00",Mais de 10 anos,Empregado(a),Especialista,Turismo e Hospitalidade,LinkedIn,Glassdoor,3,4,4,4,3,2,4,4,4,4,3,3,0,4,1,1,Entender que também é importante para o candidato entender se a empresa atende o perfil que ele busca e deixar o máximo de informações claras desde o primeiro contato otimiza o tempo da empresa e do candidato.
7/17/2024 10:17:36,1,1,Entre 35-39 anos,fem,São Paulo,São Paulo,Ensino Superior completo,Superior completo,"De R$ 5.001,00 a R$ 10.000,00",Mais de 10 anos,Empregado(a),Especialista,Finanças e Contabilidade,LinkedIn,"Menu ""Vagas"" no LinkedIn",4,4,4,2,2,2,3,4,4,4,4,4,2,4,4,1,Divulgar o salário
7/17/2024 10:18:18,1,1,Entre 30-34 anos,fem,São Paulo,Santo André,Pós-graduação completa,Superior completo,"De R$ 10.001,00 a R$ 20.000,00",Mais de 10 anos,Empregado(a),Autônomo(a),Saúde,Sites de vagas de emprego,"Anúncio em grupos no WhatsApp, Anúncios no Instagram",3,3,4,4,3,4,3,4,4,3,4,2,2,4,2,1,"Acredito que seja necessário a clareza da empresa no que busca, que a posição anunciada seja compatível com a área de formação, bem como a remuneração condizente ao escopo da vaga."
7/17/2024 10:27:04,1,1,Entre 35-39 anos,fem,São Paulo,Osasco,Pós-graduação completa,Superior completo,"De R$ 10.001,00 a R$ 20.000,00",Mais de 10 anos,Empregado(a),Gerente,Marketing e Publicidade,LinkedIn,"Menu ""Vagas"" no LinkedIn",3,4,4,4,3,2,2,2,2,2,3,3,2,3,4,Não,
7/17/2024 10:27:36,1,1,Entre 55-59 anos,masc,São Paulo,Osasco,Ensino Médio completo,Médio completo e superior incompleto,"De R$ 3.001,00 a R$ 5.000,00",Mais de 10 anos,Aposentado(a),Coordenador(a) ou Supervisor(a),Logística,WhatsApp,E-mail,4,4,4,4,3,3,3,4,4,4,4,4,4,4,3,1,Ser o mais claro possível sobre a vaga oferecida.
7/17/2024 10:38:56,1,1,Entre 30-34 anos,masc,São Paulo,Osasco,Pós-graduação completa,Superior completo,"De R$ 5.001,00 a R$ 10.000,00",Menos de 1 ano,Empregado(a),Analista Júnior,Administração e Negócios,LinkedIn,"Menu ""Vagas"" no LinkedIn",4,4,4,4,4,2,4,3,3,4,4,4,4,4,3,1,Não
7/17/2024 10:53:47,1,1,Entre 50-54 anos,fem,São Paulo,Osasco,Ensino Médio completo,Médio completo e superior incompleto,"De R$ 5.001,00 a R$ 10.000,00",Menos de 1 ano,Desempregado(a),Assistente,Logística,Sites de vagas de emprego,Anúncio em grupos no WhatsApp,4,4,4,4,2,2,3,4,4,4,4,4,2,4,2,1,Não
7/17/2024 10:57:30,1,1,Entre 55-59 anos,fem,São Paulo,Osasco,Ensino Médio completo,Médio completo e superior incompleto,"De R$ 1.001,00 a R$ 2.000,00",Mais de 10 anos,Empregado(a),Autônomo(a),Serviços Gerais,WhatsApp,E-mail,1,1,1,1,2,1,1,0,1,1,0,1,1,0,1,1,Nao
7/17/2024 11:00:49,1,1,Entre 35-39 anos,fem,São Paulo,São Paulo,Pós-graduação completa,Superior completo,"De R$ 5.001,00 a R$ 10.000,00",Mais de 10 anos,Empregado(a),Gerente,Recursos Humanos,LinkedIn,"Anúncio em grupos no WhatsApp, Menu ""Vagas"" no LinkedIn",4,3,4,3,2,2,4,3,4,4,4,4,3,4,2,1,
7/17/2024 11:04:51,1,1,Entre 55-59 anos,fem,São Paulo,Osasco,Ensino Superior completo,Superior completo,"De R$ 2.001,00 a R$ 3.000,00",Mais de 10 anos,Aposentado(a),Analista Júnior,Tecnologia da Informação,Pessoalmente na própria empresa,"Anúncio em grupos no WhatsApp, Anúncios no Facebook, Anúncios no Instagram, Evento/feira de recrutamento/mutirões de emprego",4,4,3,4,3,3,3,3,4,3,3,4,3,4,3,1,
7/17/2024 11:07:39,1,1,Acima de 65 anos,fem,São Paulo,Osasco,Ensino Fundamental completo,Fundamental completo e médio incompleto,"De R$ 2.001,00 a R$ 3.000,00",Mais de 10 anos,Aposentado(a),Autônomo(a),Beleza,Indicação de amigos/familiares,Amigos,4,4,4,4,3,3,4,3,4,4,4,4,3,4,3,1,Ser o mais clara e objetiva possível.
7/17/2024 11:29:52,1,1,Entre 20-24 anos,masc,São Paulo,São Paulo,Pós-gradução incompleta,Superior completo,"De R$ 3.001,00 a R$ 5.000,00",Mais de 3 até 6 anos,Empregado(a),Especialista,Saúde,Sites de vagas de emprego,E-mail,4,4,4,3,2,1,3,3,4,1,1,3,2,4,0,1,
7/17/2024 11:40:43,1,1,Entre 25-29 anos,fem,São Paulo,São Paulo,Pós-graduação completa,Superior completo,"De R$ 10.001,00 a R$ 20.000,00",Mais de 10 anos,Empregado(a),CEO,Finanças e Contabilidade,Sites de vagas de emprego,"Menu ""Vagas"" no LinkedIn",4,4,4,3,2,3,4,4,4,4,4,4,2,4,2,1,
7/17/2024 11:44:10,1,1,Entre 60-64 anos,fem,São Paulo,Osasco,Ensino Médio incompleto,Fundamental completo e médio incompleto,"De R$ 2.001,00 a R$ 3.000,00",Mais de 10 anos,Aposentado(a),Coordenador(a) ou Supervisor(a),Finanças e Contabilidade,Facebook e/ou Instagram,"Anúncios no Instagram, Banner/cartaz/outdoor",4,3,4,4,3,3,4,3,4,4,4,4,3,4,3,1,
7/17/2024 11:45:26,1,1,Entre 40-44 anos,fem,Espírito Santo,Serra,Pós-graduação completa,Superior completo,"De R$ 5.001,00 a R$ 10.000,00",Mais de 10 anos,Empregado(a),Especialista,Educação,Prefeitura e órgãos públicos,Anúncio em grupos no WhatsApp,3,4,4,4,2,2,4,4,4,1,4,4,1,4,4,1,
7/17/2024 11:48:04,1,1,Entre 55-59 anos,fem,São Paulo,Osasco,Ensino Superior completo,Superior completo,"De R$ 1.001,00 a R$ 2.000,00",Mais de 10 anos,Empregado(a),Assistente,Vendas e Comércio,LinkedIn,"Anúncios no Instagram, E-mail, Menu ""Vagas"" no LinkedIn",4,4,4,4,3,3,4,3,4,4,3,4,3,4,3,1,
7/17/2024 11:59:38,1,1,Entre 60-64 anos,fem,São Paulo,São Paulo,Ensino Superior completo,Superior completo,"De R$ 3.001,00 a R$ 5.000,00",Mais de 10 anos,Aposentado(a),Gerente,Administração e Negócios,Indicação de amigos/familiares,Evento/feira de recrutamento/mutirões de emprego,4,4,4,4,3,2,4,4,4,4,4,3,2,4,2,1,
7/17/2024 12:08:54,1,1,Entre 20-24 anos,fem,São Paulo,São Paulo,Ensino Médio completo,Médio completo e superior incompleto,"De R$ 2.001,00 a R$ 3.000,00",De 1 até 3 anos,Empregado(a),Auxiliar ou Ajudante,Vendas e Comércio,Sites de vagas de emprego,"Menu ""Vagas"" no LinkedIn",3,4,4,3,2,2,2,2,3,3,4,4,2,3,2,1,
7/17/2024 13:01:09,1,1,Entre 60-64 anos,fem,São Paulo,Cotia,Ensino Médio completo,Médio completo e superior incompleto,"De R$ 3.001,00 a R$ 5.000,00",Mais de 10 anos,Aposentado(a),Aposentado(a),Aposentado(a),Sites de vagas de emprego,Evento/feira de recrutamento/mutirões de emprego,4,4,4,4,4,4,4,4,4,4,4,3,4,4,3,1,
7/17/2024 13:11:39,1,1,Entre 55-59 anos,fem,São Paulo,São Paulo,Ensino Superior completo,Superior completo,"De R$ 5.001,00 a R$ 10.000,00",Mais de 10 anos,Aposentado(a),Gerente,Vendas e Comércio,Sites de vagas de emprego,Anúncios no Instagram,3,4,4,4,3,2,3,2,4,2,4,4,4,4,3,1,
7/17/2024 13:19:31,1,1,Entre 30-34 anos,fem,Paraíba,Cuité,Pós-graduação completa,Superior completo,"De R$ 3.001,00 a R$ 5.000,00",Mais de 3 até 6 anos,Empregado(a),Especialista,Educação,LinkedIn,"E-mail, Menu ""Vagas"" no LinkedIn, Panfletos",4,4,4,4,2,3,4,4,4,4,4,4,4,4,4,1,Utilizar diversos canais de divulgação com informações claras sobre a vaga
7/17/2024 13:23:40,1,1,Entre 18-19 anos,masc,São Paulo,Osasco,Ensino Médio incompleto,Fundamental completo e médio incompleto,"De R$ 3.001,00 a R$ 5.000,00",Menos de 1 ano,Desempregado(a),Jovem Aprendiz,Administração e Negócios,Sites das empresas,"Anúncios no Instagram, Banner/cartaz/outdoor",4,2,4,3,4,2,1,3,4,0,4,2,3,3,2,1,"Para melhorar a divulgação de vagas de emprego, as empresas devem usar múltiplos canais, como plataformas de emprego, redes sociais e parcerias com universidades. É importante que as descrições das vagas sejam claras e atrativas, destacando responsabilidades, requisitos, benefícios e a cultura da empresa. A otimização para motores de busca (SEO) com palavras-chave relevantes aumenta a visibilidade online. Anúncios pagos nas redes sociais também podem ampliar o alcance de maneira direcionada. Manter transparência no processo seletivo e fornecer feedback aos candidatos é crucial para a imagem da empresa. Programas de indicação de funcionários podem atrair candidatos qualificados e alinhados com a cultura da empresa. Essas práticas aumentam a eficácia na atração de talentos."
7/17/2024 13:29:39,1,1,Entre 18-19 anos,fem,Minas Gerais,Belo Horizonte,Ensino Superior incompleto,Médio completo e superior incompleto,"De R$ 2.001,00 a R$ 3.000,00",De 1 até 3 anos,Empregado(a),Auxiliar ou Ajudante,Administração e Negócios,LinkedIn,"Menu ""Vagas"" no LinkedIn",3,4,4,4,3,2,2,3,4,4,3,2,2,3,3,1,"As empresas devem prezar sempre por um ótimo espaço de trabalho para o funcionário, deixando isso explícito em suas divulgações."
7/17/2024 13:31:37,1,1,Entre 35-39 anos,masc,São Paulo,São Paulo,Pós-graduação completa,Superior completo,"De R$ 5.001,00 a R$ 10.000,00",Mais de 10 anos,Empregado(a),Analista Sênior,Finanças e Contabilidade,LinkedIn,"E-mail, Menu ""Vagas"" no LinkedIn",4,1,4,1,0,0,3,2,4,3,4,1,1,2,3,Não,
7/17/2024 13:32:47,1,1,Entre 30-34 anos,fem,São Paulo,São Bernardo do Campo,Ensino Superior completo,Superior completo,"De R$ 5.001,00 a R$ 10.000,00",Mais de 6 até 10 anos,Empregado(a),Analista Júnior,Educação,Sites das empresas,"Anúncio em grupos no WhatsApp, Anúncios no Facebook",4,3,4,3,0,0,3,3,3,3,3,3,3,4,1,1,
7/17/2024 13:33:48,1,1,Entre 30-34 anos,fem,São Paulo,São Paulo,Pós-graduação completa,Superior completo,"De R$ 20.001,00 a R$ 100.000,00",Mais de 10 anos,Empregado(a),Especialista,Vendas e Comércio,LinkedIn,"Menu ""Vagas"" no LinkedIn",4,4,4,4,3,3,4,4,4,4,4,4,2,4,1,1,
7/17/2024 13:35:45,1,1,Entre 30-34 anos,fem,São Paulo,São Paulo,Ensino Superior completo,Superior completo,"De R$ 10.001,00 a R$ 20.000,00",Mais de 10 anos,Empregado(a),Gerente,Tecnologia da Informação,LinkedIn,"E-mail, Menu ""Vagas"" no LinkedIn",4,4,4,4,3,2,4,3,4,4,3,3,3,3,4,1,
7/17/2024 13:35:49,1,1,Entre 20-24 anos,fem,São Paulo,São Paulo,Ensino Superior completo,Superior completo,"De R$ 5.001,00 a R$ 10.000,00",Mais de 6 até 10 anos,Empregado(a),Especialista,Educação,Sites de vagas de emprego,"Anúncio em grupos no WhatsApp, E-mail, Menu ""Vagas"" no LinkedIn",3,4,3,3,3,3,3,2,2,3,3,3,2,2,2,1,
7/17/2024 13:36:23,1,1,Entre 30-34 anos,fem,São Paulo,Osasco,Ensino Superior completo,Superior completo,"De R$ 5.001,00 a R$ 10.000,00",Mais de 6 até 10 anos,Empregado(a),Analista Pleno,Tecnologia da Informação,LinkedIn,"Menu ""Vagas"" no LinkedIn",4,4,4,4,3,4,4,4,4,4,4,4,2,4,4,1,
7/17/2024 13:41:04,1,1,Entre 30-34 anos,masc,Pernambuco,Paulista,Ensino Superior incompleto,Médio completo e superior incompleto,"De R$ 1.001,00 a R$ 2.000,00",Mais de 10 anos,Empregado(a),Assistente,Saúde,LinkedIn,"E-mail, Menu ""Vagas"" no LinkedIn",4,2,4,3,2,1,3,2,3,2,3,3,3,3,3,1,
7/17/2024 13:41:39,1,1,Entre 25-29 anos,fem,São Paulo,Cotia,Pós-graduação completa,Superior completo,"De R$ 10.001,00 a R$ 20.000,00",Mais de 6 até 10 anos,Empregado(a),Coordenador(a) ou Supervisor(a),Marketing e Publicidade,LinkedIn,"E-mail, Menu ""Vagas"" no LinkedIn",4,4,4,3,3,2,4,3,4,4,4,3,3,4,2,1,
7/17/2024 13:41:40,1,1,Entre 50-54 anos,masc,Goiás,Luziânia,Ensino Superior completo,Superior completo,"De R$ 5.001,00 a R$ 10.000,00",Mais de 10 anos,Empregado(a),Especialista,Militar,Pessoalmente na própria empresa,"Anúncio em grupos no WhatsApp, Banner/cartaz/outdoor",4,3,4,4,2,2,4,4,3,4,4,4,3,3,3,Não,
7/17/2024 13:46:49,1,1,Entre 35-39 anos,fem,Rio de Janeiro,Niterói,Ensino Superior incompleto,Médio completo e superior incompleto,"De R$ 2.001,00 a R$ 3.000,00",Mais de 10 anos,Empregado(a),Assistente,Saúde,Sites das empresas,"Menu ""Vagas"" no LinkedIn",4,4,4,4,4,4,4,4,4,4,4,4,4,4,4,1,
7/17/2024 13:47:54,1,1,Entre 25-29 anos,fem,Bahia,Salvador,Pós-gradução incompleta,Superior completo,"De R$ 10.001,00 a R$ 20.000,00",Mais de 3 até 6 anos,Empregado(a),Analista Pleno,Marketing e Publicidade,LinkedIn,"Anúncio em grupos no WhatsApp, E-mail, Menu ""Vagas"" no LinkedIn",4,4,4,4,3,3,4,3,4,4,4,4,3,4,3,1,
7/17/2024 13:47:57,1,1,Entre 25-29 anos,fem,Ceará,Fortaleza,Pós-gradução incompleta,Superior completo,"De R$ 3.001,00 a R$ 5.000,00",De 1 até 3 anos,Empregado(a),Analista Júnior,Marketing e Publicidade,LinkedIn,"E-mail, Menu ""Vagas"" no LinkedIn",4,4,4,3,3,3,3,4,4,3,4,4,4,4,3,1,"Transparência, clareza e objetividade nas Informações "
7/17/2024 13:48:05,1,1,Entre 30-34 anos,fem,São Paulo,São Paulo,Ensino Superior completo,Superior completo,"De R$ 10.001,00 a R$ 20.000,00",Mais de 6 até 10 anos,Empregado(a),Coordenador(a) ou Supervisor(a),Tecnologia da Informação,LinkedIn,"E-mail, Menu ""Vagas"" no LinkedIn",2,2,2,2,2,2,1,1,1,1,1,1,1,1,1,Não,
7/17/2024 13:50:25,1,1,Entre 60-64 anos,fem,São Paulo,São Paulo,Ensino Médio completo,Médio completo e superior incompleto,"De R$ 1.001,00 a R$ 2.000,00",Mais de 10 anos,Aposentado(a),Aposentado(a),Aposentado(a),Banner/cartaz/outdoor,"Panfletos, Propaganda na televisão",4,4,4,4,3,3,4,3,4,4,4,4,3,4,3,Não,Não
7/17/2024 13:51:33,1,1,Entre 25-29 anos,fem,São Paulo,Cubatão,Ensino Superior completo,Superior completo,"De R$ 2.001,00 a R$ 3.000,00",Mais de 6 até 10 anos,Empregado(a),Assistente,Marketing e Publicidade,LinkedIn,"Anúncio em grupos no WhatsApp, Anúncios no Instagram, E-mail, Menu ""Vagas"" no LinkedIn",4,4,4,4,3,3,4,4,4,3,4,4,4,4,3,1,
7/17/2024 13:52:21,1,1,Entre 30-34 anos,masc,São Paulo,São Paulo,Ensino Superior incompleto,Médio completo e superior incompleto,"De R$ 3.001,00 a R$ 5.000,00",Mais de 10 anos,Empregado(a),Analista Júnior,Finanças e Contabilidade,LinkedIn,E-mail,4,4,4,4,3,2,4,4,4,4,4,4,4,4,4,1,
7/17/2024 13:55:38,1,1,Entre 30-34 anos,fem,São Paulo,São Paulo,Pós-gradução incompleta,Superior completo,"De R$ 10.001,00 a R$ 20.000,00",Mais de 10 anos,Empregado(a),Coordenador(a) ou Supervisor(a),Telecomunicações,LinkedIn,"Anúncio em grupos no WhatsApp, E-mail, Menu ""Vagas"" no LinkedIn",4,4,4,4,4,3,4,2,4,4,4,3,2,3,2,1,"Geralmente não colocam salários e não retornam o motivo de não ser selecionado, pois talvez sejam pontos que as pessoas possam melhorar. "
7/17/2024 13:56:52,1,1,Entre 20-24 anos,fem,São Paulo,Sorocaba,Ensino Superior completo,Superior completo,"De R$ 3.001,00 a R$ 5.000,00",Mais de 3 até 6 anos,Empregado(a),Analista Júnior,Comunicação e Jornalismo,LinkedIn,"Menu ""Vagas"" no LinkedIn",4,4,4,3,3,3,4,2,3,2,4,4,2,3,2,Não,
7/17/2024 13:58:32,1,1,Entre 50-54 anos,fem,São Paulo,Itapevi,Ensino Superior completo,Superior completo,"De R$ 5.001,00 a R$ 10.000,00",Mais de 10 anos,Empregado(a),Gerente,Vendas e Comércio,Sites das empresas,"Anúncio em grupos no WhatsApp, Anúncios no Instagram, Propaganda na televisão",4,4,4,4,4,4,3,4,4,4,4,4,4,4,2,Não,
7/17/2024 13:59:43,1,1,Entre 40-44 anos,fem,São Paulo,São Paulo,Ensino Superior completo,Superior completo,"De R$ 2.001,00 a R$ 3.000,00",Mais de 10 anos,Empregado(a),Gerente,Administração e Negócios,Banner/cartaz/outdoor,E-mail,2,2,2,2,2,2,3,3,3,3,3,3,3,3,3,Não,
7/17/2024 14:00:37,1,1,Entre 30-34 anos,masc,Rio de Janeiro,Rio de janeiro,Pós-graduação completa,Superior completo,"De R$ 5.001,00 a R$ 10.000,00",Mais de 10 anos,Empregado(a),Coordenador(a) ou Supervisor(a),Militar,Sites de vagas de emprego,Panfletos,2,1,1,1,1,1,3,3,3,3,3,3,3,3,3,Não,
7/17/2024 14:02:28,1,1,Entre 35-39 anos,masc,São Paulo,São Paulo,Ensino Superior incompleto,Médio completo e superior incompleto,"De R$ 2.001,00 a R$ 3.000,00",Mais de 10 anos,Empregado(a),Analista Júnior,Tecnologia da Informação,LinkedIn,"Menu ""Vagas"" no LinkedIn",4,4,4,4,2,2,3,2,4,4,4,4,2,3,1,Não,"Acredito que ter um site bem organizado, com todas as informações das vagas disponíveis, seria o ideal."
7/17/2024 14:05:05,1,1,Entre 30-34 anos,fem,São Paulo,São Paulo,Pós-gradução incompleta,Superior completo,"De R$ 5.001,00 a R$ 10.000,00",Mais de 10 anos,Empregado(a),Especialista,Direito,LinkedIn,"Menu ""Vagas"" no LinkedIn",4,4,3,3,2,2,4,3,4,3,4,3,2,4,2,1,"Sendo claras e objetivas. Indicando o que realmente é necessário que o candidato possua e quais pontos o destacará. Indicar se é presencial, híbrido ou home-office. Faixa salarial é benéficos (isso deixa  aberto para quem realmente tem interesse na vaga)"
7/17/2024 14:06:38,1,1,Entre 35-39 anos,masc,São Paulo,Osasco,Ensino Superior incompleto,Médio completo e superior incompleto,"De R$ 5.001,00 a R$ 10.000,00",Mais de 10 anos,Empregado(a),Especialista,Vendas e Comércio,LinkedIn,"Menu ""Vagas"" no LinkedIn",4,4,3,3,2,2,3,2,3,3,4,4,3,4,3,Não,
7/17/2024 14:06:43,1,1,Entre 55-59 anos,fem,São Paulo,São Paulo,Ensino Superior completo,Superior completo,"De R$ 5.001,00 a R$ 10.000,00",Mais de 10 anos,Aposentado(a),CEO,Finanças e Contabilidade,Pessoalmente na própria empresa,"Anúncio em grupos no WhatsApp, Anúncios no Instagram, Panfletos",4,4,3,3,4,4,3,4,4,3,4,4,3,4,3,1,
7/17/2024 14:07:05,1,1,Entre 55-59 anos,fem,Paraíba,João Pessoa,Ensino Superior completo,Superior completo,"De R$ 10.001,00 a R$ 20.000,00",Mais de 10 anos,Aposentado(a),Gerente,Administração e Negócios,Sites das empresas,"Anúncio em grupos no WhatsApp, ",4,4,4,4,3,2,4,3,4,4,4,4,4,4,3,1,
7/17/2024 14:08:00,1,1,Entre 35-39 anos,fem,São Paulo,São Paulo,Pós-graduação completa,Superior completo,"De R$ 20.001,00 a R$ 100.000,00",Mais de 10 anos,Empregado(a),Especialista,Direito,LinkedIn,"Anúncio em grupos no WhatsApp, E-mail, Menu ""Vagas"" no LinkedIn",3,4,4,3,3,2,3,4,4,3,4,3,2,4,3,1,
7/17/2024 14:08:43,1,1,Entre 40-44 anos,fem,São Paulo,Carapicuíba,Pós-gradução incompleta,Superior completo,"De R$ 20.001,00 a R$ 100.000,00",Mais de 10 anos,Empregado(a),Diretor(a),Produção e Manufatura,Indicação de amigos/familiares,"Anúncio em grupos no WhatsApp, E-mail, Menu ""Vagas"" no LinkedIn",4,4,4,3,2,2,3,3,3,3,3,3,3,3,2,Não,
7/17/2024 14:10:29,1,1,Entre 50-54 anos,fem,São Paulo,Osasco,Ensino Superior completo,Superior completo,"De R$ 10.001,00 a R$ 20.000,00",Mais de 10 anos,Desempregado(a),Analista Sênior,Vendas e Comércio,Sites de vagas de emprego,"Anúncio em grupos no WhatsApp, E-mail",3,4,4,3,3,3,3,2,4,4,4,4,4,4,3,1,"Empatia, vejo que hoje que nas seleções as mulheres são as que mais se descriminam."
7/17/2024 14:10:43,1,1,Entre 60-64 anos,fem,São Paulo,Osasco,Ensino Superior completo,Superior completo,"De R$ 1.001,00 a R$ 2.000,00",Mais de 10 anos,Aposentado(a),Aposentado(a),Finanças e Contabilidade,Sites das empresas,Anúncio em grupos no WhatsApp,3,4,4,4,3,3,4,3,4,4,4,4,4,4,3,1,
7/17/2024 14:11:06,1,1,Entre 25-29 anos,fem,São Paulo,São Paulo,Ensino Superior completo,Superior completo,"R$ 100.001,00 ou mais",Mais de 10 anos,Empregado(a),Gerente,Marketing e Publicidade,LinkedIn,"Anúncios no Facebook, Menu ""Vagas"" no LinkedIn",4,4,3,4,4,4,4,4,4,4,4,4,4,4,4,1,
7/17/2024 14:11:32,1,1,Entre 30-34 anos,fem,São Paulo,São Paulo,Ensino Superior completo,Superior completo,"De R$ 10.001,00 a R$ 20.000,00",Mais de 10 anos,Empregado(a),Gerente,Marketing e Publicidade,LinkedIn,"Anúncio em grupos no WhatsApp, E-mail, Menu ""Vagas"" no LinkedIn",4,4,4,3,1,0,4,4,4,3,3,3,1,3,1,1,
7/17/2024 14:15:06,1,1,Entre 40-44 anos,fem,São Paulo,Carapicuíba,Ensino Superior completo,Superior completo,"De R$ 3.001,00 a R$ 5.000,00",Mais de 10 anos,Empregado(a),Especialista,Saúde,WhatsApp,Banner/cartaz/outdoor,2,2,2,2,2,2,1,1,1,0,0,0,1,1,1,1,Nao
7/17/2024 14:18:28,1,1,Entre 30-34 anos,fem,São Paulo,Osasco,Ensino Superior completo,Superior completo,"De R$ 1.001,00 a R$ 2.000,00",De 1 até 3 anos,Empregado(a),Analista Júnior,Administração e Negócios,Sites de vagas de emprego,E-mail  ou telefone,4,4,4,3,3,2,4,3,3,2,4,4,4,4,4,Não,"    O ambiente, benefícios  e trabalhar em home seria excelente "
7/17/2024 14:18:58,1,1,Entre 35-39 anos,fem,São Paulo,São Paulo,Ensino Médio completo,Médio completo e superior incompleto,"De R$ 501,00 a R$ 1.000,00",Mais de 3 até 6 anos,Desempregado(a),Autônomo(a),Artes e Design,Pessoalmente na própria empresa,"E-mail, Menu ""Vagas"" no LinkedIn",4,4,4,3,4,3,2,2,3,3,4,4,2,3,2,Não,Mais oportunidades.
7/17/2024 14:19:38,1,1,Entre 50-54 anos,fem,São Paulo,São Paulo,Pós-graduação completa,Superior completo,"De R$ 3.001,00 a R$ 5.000,00",Mais de 10 anos,Empregado(a),Autônomo(a),Saúde,LinkedIn,"Anúncio em grupos no WhatsApp, Anúncios no Facebook, Anúncios no Instagram, Menu ""Vagas"" no LinkedIn",4,4,4,4,3,3,4,3,4,3,3,3,2,3,2,Não,
7/17/2024 14:22:21,1,1,Entre 30-34 anos,fem,São Paulo,São Paulo,Pós-graduação completa,Superior completo,"De R$ 5.001,00 a R$ 10.000,00",Mais de 6 até 10 anos,Empregado(a),Analista Pleno,Finanças e Contabilidade,LinkedIn,"Anúncio em grupos no WhatsApp, Evento/feira de recrutamento/mutirões de emprego, Menu ""Vagas"" no LinkedIn",4,4,4,3,1,1,3,1,4,3,3,3,1,3,2,1,"Divulgação de salário e benefícios são importantes logo no anúncio, para que o candidato consiga filtrar sem gastar tempo em entrevistas para conseguir informações básicas. Entendo que o recrutador já deve ter um orçamento para a vaga a ser preenchida,então, ao não colocá-lo na descrição, fica subentendido que ele está disposto a barganhar, ou contratar o que tiver menor pretensão salarial - o que depõe muito contra a empresa e diminui meu interesse pela vaga."
7/17/2024 14:22:33,1,1,Entre 55-59 anos,fem,São Paulo,São Paulo,Pós-graduação completa,Superior completo,"De R$ 10.001,00 a R$ 20.000,00",Mais de 10 anos,Empregado(a),Gerente,Construção Civil,Indicação de amigos/familiares,"Anúncio em grupos no WhatsApp, E-mail, Menu ""Vagas"" no LinkedIn",2,4,3,4,1,1,3,4,2,3,4,3,2,4,3,1,
7/17/2024 14:23:54,1,1,Entre 20-24 anos,masc,São Paulo,Guará,Ensino Superior incompleto,Médio completo e superior incompleto,"De R$ 2.001,00 a R$ 3.000,00",Menos de 1 ano,Desempregado(a),Auxiliar ou Ajudante,Artes e Design,LinkedIn,E-mail,3,4,4,3,2,3,2,2,4,4,3,2,1,3,2,Não,
7/17/2024 14:26:18,1,1,Entre 25-29 anos,fem,São Paulo,São Paulo,Ensino Superior incompleto,Médio completo e superior incompleto,"De R$ 3.001,00 a R$ 5.000,00",Mais de 3 até 6 anos,Empregado(a),Analista Sênior,Tecnologia da Informação,LinkedIn,"E-mail, Menu ""Vagas"" no LinkedIn",4,4,4,3,3,3,4,2,4,4,4,3,2,3,2,1,
7/17/2024 14:31:25,1,1,Entre 30-34 anos,fem,Ceará,Fortaleza,Ensino Médio completo,Médio completo e superior incompleto,"De R$ 2.001,00 a R$ 3.000,00",Mais de 6 até 10 anos,Desempregado(a),Técnico(a),Saúde,Facebook e/ou Instagram,Anúncio em grupos no WhatsApp,4,4,4,4,4,4,4,2,4,4,4,4,2,4,4,1,Não
7/17/2024 14:32:28,1,1,Entre 35-39 anos,fem,São Paulo,Itapevi,Ensino Superior completo,Superior completo,"De R$ 3.001,00 a R$ 5.000,00",Mais de 10 anos,Desempregado(a),Assistente,Administração e Negócios,LinkedIn,"E-mail, Menu ""Vagas"" no LinkedIn",4,4,4,4,3,3,3,3,4,4,4,3,3,4,3,1,
7/17/2024 14:35:23,1,1,Entre 25-29 anos,masc,São Paulo,Osasco,Ensino Superior completo,Superior completo,"De R$ 1.001,00 a R$ 2.000,00",Menos de 1 ano,Empregado(a),Auxiliar ou Ajudante,Administração e Negócios,Sites de vagas de emprego,"Anúncio em grupos no WhatsApp, E-mail",4,4,4,4,3,3,4,4,4,4,4,4,4,4,2,1,
7/17/2024 14:36:43,1,1,Entre 35-39 anos,fem,São Paulo,Osasco,Ensino Médio completo,Médio completo e superior incompleto,"De R$ 1.001,00 a R$ 2.000,00",Mais de 10 anos,Empregado(a),CEO,Vendas e Comércio,Indicação de amigos/familiares,"Anúncio em grupos no WhatsApp, Anúncios no Instagram, Banner/cartaz/outdoor, E-mail",4,4,4,4,3,4,4,4,4,4,4,4,4,4,4,1,"Acho que as empresas deveriam ser menos rigorosas em questão de estudo,pq tem ótimos profissionais diaposto a trabalhar e da ao seu melhor mais como não teve oportunidade de estudo ficam sem trabalhar "
7/17/2024 14:38:53,1,1,Entre 30-34 anos,fem,São Paulo,São Paulo,Pós-graduação completa,Superior completo,"De R$ 10.001,00 a R$ 20.000,00",Mais de 6 até 10 anos,Empregado(a),Especialista,Recursos Humanos,LinkedIn,"E-mail, Menu ""Vagas"" no LinkedIn",4,3,4,3,2,2,3,3,2,4,3,2,1,3,1,Não,
7/17/2024 14:39:12,1,1,Entre 20-24 anos,fem,São Paulo,Osasco,Ensino Superior completo,Superior completo,"De R$ 3.001,00 a R$ 5.000,00",De 1 até 3 anos,Desempregado(a),Auxiliar ou Ajudante,Administração e Negócios,LinkedIn,"Anúncio em grupos no WhatsApp, Carro de som, E-mail, Menu ""Vagas"" no LinkedIn",4,4,4,4,2,2,2,3,4,2,3,4,4,4,1,1,
7/17/2024 14:41:19,1,1,Entre 60-64 anos,masc,São Paulo,Osasco,Pós-graduação completa,Superior completo,"De R$ 20.001,00 a R$ 100.000,00",Mais de 10 anos,Empregado(a),Gerente,Administração e Negócios,LinkedIn,"Recrutadores especializados, Linkedin e contatos profissionais",4,4,3,3,3,3,3,2,3,3,4,4,3,3,3,1,
7/17/2024 14:44:22,1,1,Entre 35-39 anos,masc,São Paulo,São Paulo,Pós-gradução incompleta,Superior completo,"De R$ 10.001,00 a R$ 20.000,00",Mais de 10 anos,Empregado(a),Analista Júnior,Tecnologia da Informação,LinkedIn,"Anúncio em grupos no WhatsApp, E-mail",4,4,4,4,2,2,4,4,4,4,4,4,3,4,4,1,"Deixar claro e escrito o valor do salário ofertado para a vaga. 
Em alguns processos,  você perde tempo e só vai saber o valor na segunda fase, quando fala com alguém do RH. Chega ser engraçado o quanto de tempo se perde para ver que o salário não condiz. 
Outro ponto:
As empresas precisam traçar o perfil necessário, pois exigem muito e paga-se pouco. Querem um Analista Sênior pagando salário de estagiário (para ser bem exato)"
7/17/2024 14:44:27,1,1,Entre 45-49 anos,fem,São Paulo,Itapevi,Pós-graduação completa,Superior completo,"De R$ 5.001,00 a R$ 10.000,00",Mais de 10 anos,Empregado(a),Coordenador(a) ou Supervisor(a),Finanças e Contabilidade,Sites de vagas de emprego,Anúncio em grupos no WhatsApp,4,4,4,3,2,2,4,3,4,3,4,4,3,4,2,Não,Não
7/17/2024 14:44:59,1,1,Entre 25-29 anos,fem,São Paulo,São Paulo,Ensino Superior incompleto,Médio completo e superior incompleto,"De R$ 5.001,00 a R$ 10.000,00",Mais de 10 anos,Desempregado(a),Analista Júnior,Marketing e Publicidade,LinkedIn,"Anúncio em grupos no WhatsApp, Anúncios no Facebook, Anúncios no Instagram, E-mail, Evento/feira de recrutamento/mutirões de emprego, Menu ""Vagas"" no LinkedIn",4,4,4,4,3,3,4,3,4,4,4,4,3,4,2,1,
7/17/2024 14:46:03,1,1,Entre 25-29 anos,fem,São Paulo,Mogi das Cruzes,Ensino Superior completo,Superior completo,"De R$ 5.001,00 a R$ 10.000,00",Mais de 6 até 10 anos,Empregado(a),Analista Sênior,Marketing e Publicidade,LinkedIn,"Anúncios no Instagram, Menu ""Vagas"" no LinkedIn",3,2,4,4,2,2,3,4,4,2,3,4,2,4,2,1,
7/17/2024 14:47:55,1,1,Acima de 65 anos,fem,São Paulo,Osasco,Ensino Médio completo,Médio completo e superior incompleto,"De R$ 3.001,00 a R$ 5.000,00",Mais de 10 anos,Aposentado(a),Técnico(a),Saúde,Prefeitura e órgãos públicos,"Anúncio em rádio, Anúncios no Instagram",4,3,4,4,3,1,4,3,4,4,3,3,1,4,2,1,Não
7/17/2024 14:50:28,1,1,Entre 20-24 anos,masc,São Paulo,São Paulo,Ensino Superior completo,Superior completo,"De R$ 5.001,00 a R$ 10.000,00",Mais de 3 até 6 anos,Empregado(a),Analista Pleno,Administração e Negócios,LinkedIn,"Anúncios no Instagram, E-mail, Menu ""Vagas"" no LinkedIn",4,3,4,2,1,3,1,3,4,2,2,0,1,4,2,1,
7/17/2024 14:54:05,1,1,Entre 50-54 anos,fem,São Paulo,Osasco,Ensino Superior completo,Superior completo,"De R$ 5.001,00 a R$ 10.000,00",Mais de 10 anos,Desempregado(a),Gerente,Administração e Negócios,Sites de vagas de emprego,"E-mail, Menu ""Vagas"" no LinkedIn",4,3,4,4,2,2,3,3,3,3,4,4,2,4,2,1,Deixar mais claro que tipo de vaga é e quais características do funcionário que procura
7/17/2024 14:54:18,1,1,Entre 60-64 anos,fem,São Paulo,Praia Grande,Ensino Superior completo,Superior completo,"De R$ 3.001,00 a R$ 5.000,00",Mais de 10 anos,Aposentado(a),Especialista,Finanças e Contabilidade,Sites das empresas,"E-mail, Menu ""Vagas"" no LinkedIn",4,4,4,4,1,1,4,2,3,3,3,3,2,4,3,1,
7/17/2024 14:57:47,1,1,Entre 55-59 anos,fem,São Paulo,São Paulo,Ensino Superior completo,Superior completo,"De R$ 5.001,00 a R$ 10.000,00",Mais de 10 anos,Empregado(a),Especialista,Educação,Prefeitura e órgãos públicos,Sou funcionária pública,4,4,4,4,4,4,4,4,4,4,4,4,4,4,4,1,
7/17/2024 15:03:16,1,1,Entre 25-29 anos,fem,São Paulo,Mauá,Pós-graduação completa,Superior completo,"De R$ 10.001,00 a R$ 20.000,00",Mais de 10 anos,Empregado(a),Especialista,Educação,Sites de vagas de emprego,"E-mail, Menu ""Vagas"" no LinkedIn",4,4,4,4,3,4,3,4,4,4,3,3,2,4,3,1,"Sempre divulgar o salário ou ao menos a média salarial da vaga (como no site da Catho; exemplo: ""Entre R$ 2.000 e R$ 3.000""). Especificar com clareza as atribuições. "
7/17/2024 15:03:39,1,1,Entre 50-54 anos,fem,São Paulo,Osasco,Ensino Superior completo,Superior completo,"De R$ 20.001,00 a R$ 100.000,00",Mais de 10 anos,Empregado(a),Analista Sênior,Finanças e Contabilidade,LinkedIn,"Anúncio em grupos no WhatsApp, E-mail",4,4,4,4,3,3,4,4,4,4,4,4,3,4,3,1,Não
7/17/2024 15:06:16,1,1,Entre 55-59 anos,fem,São Paulo,Osasco,Ensino Médio completo,Médio completo e superior incompleto,"De R$ 1.001,00 a R$ 2.000,00",Menos de 1 ano,Desempregado(a),Aposentado(a),Aposentado(a),Pessoalmente na própria empresa,E-mail,4,4,4,4,4,4,4,4,4,4,4,4,4,4,4,1,Através do funcionário
7/17/2024 15:08:09,1,1,Entre 25-29 anos,masc,São Paulo,Mauá,Ensino Superior completo,Superior completo,"De R$ 5.001,00 a R$ 10.000,00",Mais de 3 até 6 anos,Empregado(a),Analista Sênior,Marketing e Publicidade,LinkedIn,E-mail,3,4,4,3,2,0,4,2,4,2,4,1,1,3,1,1,
7/17/2024 15:08:14,1,1,Entre 35-39 anos,masc,São Paulo,São Paulo,Pós-graduação completa,Superior completo,"De R$ 2.001,00 a R$ 3.000,00",Mais de 10 anos,Desempregado(a),Analista Pleno,Turismo e Hospitalidade,LinkedIn,E-mail,3,3,4,4,4,3,4,4,4,4,4,4,4,4,4,1,
7/17/2024 15:08:28,1,1,Entre 25-29 anos,masc,São Paulo,Carapicuíba,Ensino Superior completo,Superior completo,"De R$ 10.001,00 a R$ 20.000,00",Mais de 3 até 6 anos,Empregado(a),Analista Júnior,Administração e Negócios,LinkedIn,"E-mail, Menu ""Vagas"" no LinkedIn",4,4,4,4,3,3,4,4,4,4,3,3,4,4,4,1,
7/17/2024 15:09:05,1,1,Entre 35-39 anos,fem,São Paulo,Campinas,Pós-graduação completa,Superior completo,"De R$ 10.001,00 a R$ 20.000,00",Mais de 10 anos,Empregado(a),Coordenador(a) ou Supervisor(a),Recursos Humanos,LinkedIn,"E-mail, Menu ""Vagas"" no LinkedIn",3,3,3,3,3,1,2,2,2,2,2,2,2,2,1,1,
7/17/2024 15:09:07,1,1,Acima de 65 anos,masc,Paraíba,João Pessoa,Pós-graduação completa,Superior completo,"De R$ 20.001,00 a R$ 100.000,00",Mais de 10 anos,Aposentado(a),Coordenador(a) ou Supervisor(a),Saúde,Sites de vagas de emprego,E-mail,4,4,4,4,4,3,4,3,4,3,4,3,2,4,3,Não,Não tenho
7/17/2024 15:09:23,1,1,Entre 35-39 anos,fem,São Paulo,São Paulo,Ensino Médio completo,Médio completo e superior incompleto,"De R$ 3.001,00 a R$ 5.000,00",Mais de 10 anos,Empregado(a),Auxiliar ou Ajudante,Logística,Sites de vagas de emprego,"Anúncio em grupos no WhatsApp, Anúncios no Facebook",4,4,4,3,2,2,3,4,4,3,4,4,2,4,2,1,
7/17/2024 15:09:36,1,1,Entre 25-29 anos,fem,São Paulo,São Paulo,Pós-graduação completa,Superior completo,"De R$ 10.001,00 a R$ 20.000,00",Mais de 6 até 10 anos,Empregado(a),Analista Sênior,Tecnologia da Informação,LinkedIn,"Anúncio em grupos no WhatsApp, E-mail, Menu ""Vagas"" no LinkedIn",4,4,3,3,2,3,4,4,4,4,4,2,2,4,2,1,
7/17/2024 15:10:52,1,1,Entre 25-29 anos,masc,São Paulo,Osasco,Ensino Superior completo,Superior completo,"De R$ 10.001,00 a R$ 20.000,00",Mais de 6 até 10 anos,Empregado(a),Analista Pleno,Tecnologia da Informação,LinkedIn,"E-mail, Menu ""Vagas"" no LinkedIn",4,2,4,3,2,1,3,4,4,4,4,3,1,3,2,1,
7/17/2024 15:11:51,1,1,Entre 25-29 anos,fem,São Paulo,Osasco,Pós-graduação completa,Superior completo,"De R$ 10.001,00 a R$ 20.000,00",Mais de 10 anos,Empregado(a),Especialista,Agricultura e Meio Ambiente,LinkedIn,"Menu ""Vagas"" no LinkedIn",4,4,4,4,4,4,4,4,4,4,4,3,3,4,2,1,
7/17/2024 15:13:15,1,1,Entre 25-29 anos,fem,Ceará,Cascavel,Ensino Superior completo,Superior completo,"De R$ 5.001,00 a R$ 10.000,00",Mais de 6 até 10 anos,Empregado(a),Analista Pleno,Vendas e Comércio,LinkedIn,"Menu ""Vagas"" no LinkedIn",4,4,4,4,2,2,3,2,4,4,4,4,3,4,2,1,
7/17/2024 15:13:34,1,1,Entre 55-59 anos,fem,São Paulo,Osasco,Ensino Superior completo,Superior completo,"De R$ 5.001,00 a R$ 10.000,00",Mais de 10 anos,Aposentado(a),Auxiliar ou Ajudante,Cuidador(a),Sites das empresas,Anúncio em grupos no WhatsApp,1,1,1,1,1,1,1,1,1,1,1,0,0,1,1,1,
7/17/2024 15:18:14,1,1,Entre 60-64 anos,fem,São Paulo,Osasco,Ensino Médio completo,Médio completo e superior incompleto,"De R$ 1.001,00 a R$ 2.000,00",Mais de 10 anos,Aposentado(a),Especialista,Educação,Sites de vagas de emprego,Anúncios no Facebook,4,4,4,4,4,3,4,4,4,4,4,4,4,4,3,Não,
7/17/2024 15:19:51,1,1,Entre 25-29 anos,masc,São Paulo,São Paulo,Ensino Superior completo,Superior completo,"De R$ 10.001,00 a R$ 20.000,00",Mais de 10 anos,Empregado(a),Analista Sênior,Tecnologia da Informação,LinkedIn,E-mail,4,4,4,4,3,3,4,3,4,3,4,4,2,3,3,1,
7/17/2024 15:20:26,1,1,Entre 30-34 anos,masc,São Paulo,Osasco,Ensino Superior completo,Superior completo,"De R$ 2.001,00 a R$ 3.000,00",De 1 até 3 anos,Desempregado(a),Assistente,Administração e Negócios,Sites de vagas de emprego,Anúncio em grupos no WhatsApp,4,2,3,3,3,2,2,1,3,2,3,3,3,3,1,1,Nao
7/17/2024 15:21:01,1,1,Entre 20-24 anos,fem,São Paulo,São Paulo,Ensino Superior completo,Superior completo,"De R$ 2.001,00 a R$ 3.000,00",Mais de 3 até 6 anos,Empregado(a),Assistente,Recepção,LinkedIn,Anúncio em grupos no WhatsApp,4,4,4,4,4,4,3,4,4,4,4,4,3,4,3,1,
7/17/2024 15:21:25,1,1,Entre 25-29 anos,masc,São Paulo,Osasco,Ensino Superior completo,Superior completo,"De R$ 10.001,00 a R$ 20.000,00",Mais de 10 anos,Empregado(a),Analista Sênior,Tecnologia da Informação,LinkedIn,E-mail,3,4,3,4,2,2,4,4,4,3,3,3,2,3,2,1,
7/17/2024 15:21:30,1,1,Entre 50-54 anos,fem,São Paulo,Osasco,Ensino Médio completo,Médio completo e superior incompleto,"De R$ 5.001,00 a R$ 10.000,00",Menos de 1 ano,Aposentado(a),Assistente,Administração e Negócios,Sites de vagas de emprego,Evento/feira de recrutamento/mutirões de emprego,4,3,4,4,1,3,2,3,3,3,2,2,3,4,3,Não,
7/17/2024 15:22:28,1,1,Entre 25-29 anos,fem,São Paulo,Osasco,Pós-graduação completa,Superior completo,"De R$ 1.001,00 a R$ 2.000,00",Mais de 3 até 6 anos,Desempregado(a),Auxiliar ou Ajudante,Saúde,Sites de vagas de emprego,"E-mail, Menu ""Vagas"" no LinkedIn",4,4,4,4,4,4,4,4,4,4,4,4,4,4,3,1,
7/17/2024 15:22:51,1,1,Entre 20-24 anos,fem,Paraíba,João Pessoa,Ensino Superior incompleto,Médio completo e superior incompleto,"De R$ 5.001,00 a R$ 10.000,00",De 1 até 3 anos,Empregado(a),Estagiário(a),Comunicação e Jornalismo,WhatsApp,"Anúncio em grupos no WhatsApp, Anúncios no Instagram, Banner/cartaz/outdoor",4,4,3,2,3,1,3,3,4,3,3,3,3,4,1,1,expandir mais frequentemente nas redes sociais
7/17/2024 15:26:41,1,1,Entre 30-34 anos,masc,Pernambuco,Recife,Pós-graduação completa,Superior completo,"De R$ 10.001,00 a R$ 20.000,00",Mais de 3 até 6 anos,Empregado(a),Analista Pleno,Tecnologia da Informação,LinkedIn,"E-mail, Menu ""Vagas"" no LinkedIn",3,4,4,4,4,3,4,3,4,4,4,3,4,4,2,1,
7/17/2024 15:27:04,1,1,Entre 20-24 anos,fem,São Paulo,São Paulo,Ensino Superior incompleto,Médio completo e superior incompleto,"De R$ 2.001,00 a R$ 3.000,00",De 1 até 3 anos,Empregado(a),Estagiário(a),Recursos Humanos,Indicação,"Anúncio em grupos no WhatsApp, E-mail",4,4,4,3,3,2,3,3,4,3,3,2,1,3,2,Não,
7/17/2024 15:27:10,1,1,Entre 35-39 anos,fem,Paraíba,João Pessoa,Pós-graduação completa,Superior completo,"De R$ 3.001,00 a R$ 5.000,00",Mais de 10 anos,Empregado(a),Especialista,Direito,LinkedIn,Anúncios no Instagram,4,3,4,3,3,2,3,4,4,3,4,3,3,4,3,1,
7/17/2024 15:27:27,1,1,Entre 20-24 anos,fem,São Paulo,Itapevi,Ensino Superior completo,Superior completo,"De R$ 3.001,00 a R$ 5.000,00",Mais de 3 até 6 anos,Empregado(a),Analista Pleno,Recursos Humanos,Sites de vagas de emprego,"E-mail, Evento/feira de recrutamento/mutirões de emprego, Menu ""Vagas"" no LinkedIn",4,3,4,3,2,2,2,4,3,2,4,4,2,4,3,1,
7/17/2024 15:29:32,1,1,Entre 30-34 anos,fem,São Paulo,Osasco,Ensino Superior completo,Superior completo,"De R$ 5.001,00 a R$ 10.000,00",Mais de 10 anos,Empregado(a),Gerente,Vendas e Comércio,LinkedIn,"Menu ""Vagas"" no LinkedIn",3,3,3,3,2,2,4,4,4,4,4,1,0,4,3,1,Melhorando suas culturas e funcionários saudáveis compartilhando conquistas
7/17/2024 15:31:24,1,1,Entre 55-59 anos,fem,Paraíba,João pessoa,Pós-graduação completa,Superior completo,"De R$ 5.001,00 a R$ 10.000,00",Mais de 10 anos,Aposentado(a),Especialista,Saúde,Prefeitura e órgãos públicos,"Anúncio em grupos no WhatsApp, Anúncios no Facebook, E-mail, Propaganda na televisão",4,2,4,1,1,1,1,3,3,4,4,3,3,3,1,1,"Não exigir experiência, exigir que as pessoas tenham sonhos e vontade de realizar sonhos"
7/17/2024 15:32:28,1,1,Entre 50-54 anos,fem,São Paulo,OSASCO,Ensino Superior completo,Superior completo,"De R$ 10.001,00 a R$ 20.000,00",Mais de 10 anos,Empregado(a),Gerente,Finanças e Contabilidade,LinkedIn,"Anúncio em grupos no WhatsApp, Menu ""Vagas"" no LinkedIn",3,4,3,3,4,3,2,1,3,3,4,4,3,3,1,1,
7/17/2024 15:34:06,1,1,Entre 18-19 anos,fem,São Paulo,São Paulo,Ensino Médio completo,Médio completo e superior incompleto,"De R$ 2.001,00 a R$ 3.000,00",Mais de 3 até 6 anos,Empregado(a),Jovem Aprendiz,Administração e Negócios,Indicação,"Anúncio em grupos no WhatsApp, E-mail, Menu ""Vagas"" no LinkedIn",4,4,4,4,4,4,4,4,4,4,4,4,4,4,4,1,
7/17/2024 15:35:08,1,1,Entre 25-29 anos,fem,São Paulo,São Paulo,Ensino Superior completo,Superior completo,"De R$ 3.001,00 a R$ 5.000,00",Mais de 3 até 6 anos,Empregado(a),Analista Júnior,Customer Experience,LinkedIn,"Menu ""Vagas"" no LinkedIn",4,3,4,3,3,1,3,4,4,3,4,3,3,4,4,1,
7/17/2024 15:41:25,1,1,Entre 30-34 anos,fem,São Paulo,São Paulo,Pós-gradução incompleta,Superior completo,"De R$ 3.001,00 a R$ 5.000,00",Mais de 10 anos,Empregado(a),Analista Pleno,Tecnologia da Informação,LinkedIn,"E-mail, Menu ""Vagas"" no LinkedIn",4,4,4,4,2,2,4,4,4,4,4,4,2,3,2,1,
7/17/2024 15:43:39,1,1,Entre 40-44 anos,masc,São Paulo,Cotia,Pós-graduação completa,Superior completo,"De R$ 5.001,00 a R$ 10.000,00",Mais de 10 anos,Empregado(a),Coordenador(a) ou Supervisor(a),Logística,Sites de vagas de emprego,"E-mail, Menu ""Vagas"" no LinkedIn",4,4,4,4,3,2,4,4,4,3,4,3,2,4,3,Não,
7/17/2024 15:43:50,1,1,Entre 30-34 anos,masc,Paraíba,João Pessoa,Pós-graduação completa,Superior completo,"De R$ 10.001,00 a R$ 20.000,00",Mais de 10 anos,Empregado(a),CEO,Administração e Negócios,Facebook e/ou Instagram,"Anúncio em grupos no WhatsApp, Anúncios no Facebook, Anúncios no Instagram, Menu ""Vagas"" no LinkedIn",3,2,3,3,4,3,3,4,4,3,4,3,4,4,2,1,
7/17/2024 15:44:38,1,1,Entre 25-29 anos,masc,São Paulo,Osasco,Pós-graduação completa,Superior completo,"De R$ 5.001,00 a R$ 10.000,00",Mais de 3 até 6 anos,Desempregado(a),Autônomo(a),Comunicação e Jornalismo,LinkedIn,"E-mail, Menu ""Vagas"" no LinkedIn, Indicações de amigos e familiares",4,4,3,4,3,2,3,3,4,4,4,3,3,4,3,1,"Serem sinceros sobre a vaga e as funções dela, além de deixar o mais claro possível os benefícios que oferecem"
7/17/2024 15:46:47,1,1,Entre 20-24 anos,masc,São Paulo,São Bernardo do Campo,Ensino Superior incompleto,Médio completo e superior incompleto,"De R$ 5.001,00 a R$ 10.000,00",Mais de 3 até 6 anos,Empregado(a),Analista Júnior,Tecnologia da Informação,LinkedIn,"E-mail, Menu ""Vagas"" no LinkedIn",4,4,4,4,4,2,4,4,4,4,4,2,4,4,4,Não,"A única sugestão mesmo, é que as empresas poderiam fazer os testes numa plataforma melhor e dar um retorno sem ser uma mensagem automática, no caso: ""Você não passou por conta disso"" ou você não passou por não ter isso que é eliminatório"
7/17/2024 15:49:32,1,1,Entre 60-64 anos,fem,São Paulo,Osasco,Ensino Médio completo,Médio completo e superior incompleto,"De R$ 3.001,00 a R$ 5.000,00",Mais de 10 anos,Aposentado(a),Aposentado(a),Aposentado(a),WhatsApp,Anúncio em grupos no WhatsApp,4,4,3,3,2,1,3,3,3,3,4,3,0,4,1,1,"Não
"
7/17/2024 15:49:39,1,1,Entre 25-29 anos,masc,São Paulo,São Paulo,Ensino Superior completo,Superior completo,"De R$ 10.001,00 a R$ 20.000,00",Mais de 10 anos,Empregado(a),Analista Sênior,Tecnologia da Informação,LinkedIn,"Menu ""Vagas"" no LinkedIn",4,4,4,3,2,2,3,3,4,3,4,4,3,3,2,1,
7/17/2024 15:50:29,1,1,Entre 25-29 anos,masc,Ceará,Fortaleza,Ensino Superior completo,Superior completo,"De R$ 3.001,00 a R$ 5.000,00",Mais de 6 até 10 anos,Empregado(a),Analista Júnior,Tecnologia da Informação,LinkedIn,"Menu ""Vagas"" no LinkedIn",4,3,4,4,4,2,3,4,4,4,4,4,3,4,3,1,
7/17/2024 15:52:26,1,1,Entre 25-29 anos,masc,São Paulo,Osasco,Ensino Superior completo,Superior completo,"De R$ 5.001,00 a R$ 10.000,00",Mais de 3 até 6 anos,Empregado(a),Analista Júnior,Recursos Humanos,Sites de vagas de emprego,"Anúncio em grupos no WhatsApp, Anúncios no Instagram, E-mail, Menu ""Vagas"" no LinkedIn",3,3,3,3,3,3,3,3,4,4,3,3,2,3,2,1,
7/17/2024 15:54:01,1,1,Entre 25-29 anos,masc,São Paulo,São Paulo,Pós-gradução incompleta,Superior completo,"De R$ 5.001,00 a R$ 10.000,00",De 1 até 3 anos,Empregado(a),Analista Pleno,Administração e Negócios,Sites das empresas,"Anúncio em grupos no WhatsApp, E-mail, Menu ""Vagas"" no LinkedIn",3,4,3,3,3,2,4,3,3,3,4,2,2,3,3,1,
7/17/2024 15:57:57,1,1,Entre 40-44 anos,masc,São Paulo,Osasco,Ensino Superior completo,Superior completo,"De R$ 10.001,00 a R$ 20.000,00",Mais de 10 anos,Empregado(a),Gerente,Saúde,Sites de vagas de emprego,"Anúncio em grupos no WhatsApp, Banner/cartaz/outdoor, Menu ""Vagas"" no LinkedIn",4,4,3,4,2,2,4,3,4,3,4,4,4,4,2,1,
7/17/2024 16:06:50,1,1,Entre 60-64 anos,fem,São Paulo,Osasco,Ensino Superior completo,Superior completo,"De R$ 3.001,00 a R$ 5.000,00",Mais de 10 anos,Aposentado(a),Coordenador(a) ou Supervisor(a),Educação,LinkedIn,"Anúncio em rádio, Menu ""Vagas"" no LinkedIn, Propaganda na televisão",4,4,4,4,3,3,4,4,4,4,4,4,3,4,3,1,Tem acontecido oferta de vagas das empresas pelas prefeituras municipais.
7/17/2024 16:08:08,1,1,Entre 25-29 anos,masc,São Paulo,Osasco,Pós-graduação completa,Superior completo,"De R$ 10.001,00 a R$ 20.000,00",Mais de 6 até 10 anos,Empregado(a),CEO,Educação,LinkedIn,"Anúncios no Instagram, E-mail, Menu ""Vagas"" no LinkedIn",4,4,4,4,3,2,4,4,4,4,4,3,3,4,1,1,
7/17/2024 16:08:40,1,1,Entre 25-29 anos,fem,São Paulo,Campinas,Pós-graduação completa,Superior completo,"De R$ 5.001,00 a R$ 10.000,00",Mais de 3 até 6 anos,Empregado(a),Gerente,Saúde,LinkedIn,"Anúncio em grupos no WhatsApp, Anúncios no Facebook, Anúncios no Instagram, Menu ""Vagas"" no LinkedIn",3,4,4,2,2,2,3,3,3,4,4,4,2,4,3,Não,
7/17/2024 16:11:26,1,1,Entre 35-39 anos,masc,São Paulo,São Paulo,Pós-graduação completa,Superior completo,"De R$ 10.001,00 a R$ 20.000,00",Mais de 10 anos,Empregado(a),Autônomo(a),Saúde,Sites das empresas,E-mail,4,3,3,3,2,2,2,3,4,2,3,3,1,2,2,Não,Nao
7/17/2024 16:11:32,1,1,Entre 25-29 anos,fem,São Paulo,Barueri,Pós-graduação completa,Superior completo,"De R$ 5.001,00 a R$ 10.000,00",Mais de 6 até 10 anos,Empregado(a),Assistente,Administração e Negócios,Sites das empresas,"Menu ""Vagas"" no LinkedIn",4,4,4,4,3,3,4,4,4,4,4,3,2,4,3,1,
7/17/2024 16:13:35,1,1,Entre 25-29 anos,masc,São Paulo,Osasco,Ensino Superior completo,Superior completo,"De R$ 3.001,00 a R$ 5.000,00",Mais de 6 até 10 anos,Empregado(a),Assistente,Comunicação e Jornalismo,Sites de vagas de emprego,"Anúncio em grupos no WhatsApp, Anúncios no Instagram, E-mail, Menu ""Vagas"" no LinkedIn",3,4,4,4,3,3,3,2,4,4,4,4,3,3,2,1,Uniformidade dos anúncios em diferentes plataformas.
7/17/2024 16:15:44,1,1,Entre 25-29 anos,fem,São Paulo,São Paulo,Ensino Superior completo,Superior completo,"De R$ 2.001,00 a R$ 3.000,00",Mais de 3 até 6 anos,Desempregado(a),Analista Pleno,Marketing e Publicidade,LinkedIn,Anúncio em grupos no WhatsApp,4,4,4,4,4,3,3,3,4,3,4,4,3,4,3,1,
7/17/2024 16:19:20,1,1,Entre 35-39 anos,masc,São Paulo,São Paulo,Pós-graduação completa,Superior completo,"De R$ 5.001,00 a R$ 10.000,00",Mais de 10 anos,Empregado(a),Coordenador(a) ou Supervisor(a),Finanças e Contabilidade,LinkedIn,"Menu ""Vagas"" no LinkedIn",3,3,4,3,2,1,2,3,3,1,3,2,0,3,2,1,
7/17/2024 16:27:09,1,1,Entre 40-44 anos,fem,Paraíba,João Pessoa,Pós-graduação completa,Superior completo,"De R$ 10.001,00 a R$ 20.000,00",Mais de 10 anos,Empregado(a),Coordenador(a) ou Supervisor(a),Saúde,Sites das empresas,"Anúncios no Instagram, Propaganda na televisão",2,2,2,2,2,2,1,1,1,1,1,1,1,1,1,1,K
7/17/2024 16:30:22,1,1,Entre 35-39 anos,fem,São Paulo,São Paulo,Pós-gradução incompleta,Superior completo,"De R$ 10.001,00 a R$ 20.000,00",Mais de 10 anos,Empregado(a),Coordenador(a) ou Supervisor(a),Relações Internacionais,LinkedIn,"Anúncio em grupos no WhatsApp, Anúncios no Instagram, E-mail, Evento/feira de recrutamento/mutirões de emprego, Menu ""Vagas"" no LinkedIn",4,4,4,4,4,2,4,3,3,3,3,3,4,4,3,1,
7/17/2024 16:34:04,1,1,Entre 45-49 anos,fem,Paraíba,João Pessoa,Pós-graduação completa,Superior completo,"De R$ 10.001,00 a R$ 20.000,00",Mais de 10 anos,Empregado(a),Especialista,Gastronomia,Sites de vagas de emprego,"Anúncios no Instagram, E-mail, Evento/feira de recrutamento/mutirões de emprego",4,4,4,3,3,2,4,3,4,4,4,4,4,4,2,1,
7/17/2024 16:39:54,1,1,Entre 35-39 anos,masc,Paraíba,Monteiro,Ensino Superior incompleto,Médio completo e superior incompleto,"De R$ 3.001,00 a R$ 5.000,00",Mais de 10 anos,Desempregado(a),Autônomo(a),Administração e Negócios,Indicação,Anúncio em grupos no WhatsApp,4,3,4,3,2,1,3,4,4,4,4,4,4,4,0,1,
7/17/2024 16:45:12,1,1,Entre 45-49 anos,masc,Paraíba,João Pessoa,Ensino Superior completo,Superior completo,"De R$ 10.001,00 a R$ 20.000,00",Mais de 10 anos,Empregado(a),Gerente,Vendas e Comércio,Pessoalmente na própria empresa,E-mail,1,2,3,3,3,3,3,2,4,3,4,4,4,4,4,1,
7/17/2024 16:47:47,1,1,Entre 35-39 anos,fem,São Paulo,São Paulo,Pós-graduação completa,Superior completo,"De R$ 5.001,00 a R$ 10.000,00",Mais de 10 anos,Empregado(a),Analista Pleno,Finanças e Contabilidade,Sites das empresas,"Anúncios no Instagram, E-mail, Menu ""Vagas"" no LinkedIn",4,4,4,3,2,2,3,2,4,3,4,3,4,3,2,Não,"Detalhar em termos práticos as atribuições do candidato, muitas empresas utilizam descrições genéricas e abrangentes sobre a vaga o que acaba gerando confusão e por vezes frustração para o candidato e para empresa."
7/17/2024 16:50:01,1,1,Entre 30-34 anos,fem,São Paulo,São Paulo,Pós-graduação completa,Superior completo,"De R$ 5.001,00 a R$ 10.000,00",Mais de 10 anos,Empregado(a),Gerente,Comunicação e Jornalismo,LinkedIn,"Menu ""Vagas"" no LinkedIn",4,4,4,3,1,0,3,1,1,4,4,0,4,4,1,1,
7/17/2024 16:50:13,1,1,Entre 40-44 anos,fem,São Paulo,São Bernardo do Campo,Pós-graduação completa,Superior completo,"De R$ 20.001,00 a R$ 100.000,00",Mais de 10 anos,Desempregado(a),Gerente,Marketing e Publicidade,LinkedIn,"Anúncio em grupos no WhatsApp, Menu ""Vagas"" no LinkedIn",3,3,3,3,1,1,4,1,4,1,1,3,3,3,1,Não,
7/17/2024 16:52:20,1,1,Entre 55-59 anos,fem,São Paulo,São Paulo,Ensino Superior completo,Superior completo,"De R$ 5.001,00 a R$ 10.000,00",Mais de 10 anos,Aposentado(a),Gerente,Vendas e Comércio,Sites de vagas de emprego,Indicação de amigos ou placas contratando.,4,4,4,4,3,3,4,3,4,4,4,4,4,4,3,Não,"É importante disseminar a informação da vaga na maioria dos canais possíveis, para atingir a maioria das pessoas com os perfis para atender a necessidade da empresa/candidato. "
7/17/2024 17:13:39,1,1,Entre 35-39 anos,fem,São Paulo,São Paulo,Pós-graduação completa,Superior completo,"De R$ 10.001,00 a R$ 20.000,00",Mais de 10 anos,Empregado(a),Gerente,Educação,LinkedIn,"Anúncio em grupos no WhatsApp, Menu ""Vagas"" no LinkedIn",4,4,4,4,3,3,4,3,4,4,3,3,3,4,2,1,As empresas deveriam divulgar um range de valores para não perdermos tempo caso não faça sentido
7/17/2024 17:14:51,1,1,Entre 25-29 anos,fem,São Paulo,Santo André,Ensino Superior completo,Superior completo,"De R$ 5.001,00 a R$ 10.000,00",Mais de 6 até 10 anos,Desempregado(a),Analista Júnior,Direito,LinkedIn,"Anúncios no Instagram, E-mail, Menu ""Vagas"" no LinkedIn",0,0,0,0,1,1,0,0,0,1,0,0,1,0,1,1,
7/17/2024 17:18:16,1,1,Entre 30-34 anos,fem,Goiás,Goiânia,Ensino Superior completo,Superior completo,"De R$ 10.001,00 a R$ 20.000,00",Mais de 6 até 10 anos,Empregado(a),Gerente,Administração e Negócios,LinkedIn,"Menu ""Vagas"" no LinkedIn",3,3,4,3,2,2,3,3,3,3,3,3,2,3,2,1,
7/17/2024 17:23:41,1,1,Entre 25-29 anos,masc,São Paulo,São Paulo,Ensino Superior completo,Superior completo,"De R$ 10.001,00 a R$ 20.000,00",Mais de 3 até 6 anos,Empregado(a),Analista Pleno,Tecnologia da Informação,LinkedIn,"Menu ""Vagas"" no LinkedIn",4,2,3,3,1,1,4,4,3,1,4,4,2,4,2,Não,
7/17/2024 17:44:43,1,1,Entre 60-64 anos,fem,São Paulo,São Paulo,Pós-graduação completa,Superior completo,"De R$ 10.001,00 a R$ 20.000,00",Mais de 10 anos,Empregado(a),Analista Sênior,Recursos Humanos,Pessoalmente na própria empresa,E-mail,3,4,4,3,2,2,3,2,4,3,4,4,2,3,1,Não,
7/17/2024 17:50:45,1,1,Entre 60-64 anos,masc,São Paulo,São Paulo,Ensino Superior completo,Superior completo,"De R$ 3.001,00 a R$ 5.000,00",Mais de 10 anos,Aposentado(a),Gerente,Administração e Negócios,WhatsApp,WhatsApp,4,4,4,4,4,4,4,4,4,4,4,4,4,4,4,Não,Focar em valirizar o funcionario.
7/17/2024 17:53:34,1,1,Entre 30-34 anos,fem,Ceará,Fortaleza,Ensino Superior completo,Superior completo,"De R$ 3.001,00 a R$ 5.000,00",De 1 até 3 anos,Empregado(a),Assistente,Logística,Facebook e/ou Instagram,Anúncio em grupos no WhatsApp,4,2,4,4,3,2,2,2,3,2,4,4,4,4,3,Não,
7/17/2024 17:54:25,1,1,Entre 25-29 anos,fem,São Paulo,São Paulo,Ensino Superior completo,Superior completo,"De R$ 5.001,00 a R$ 10.000,00",Mais de 6 até 10 anos,Empregado(a),Coordenador(a) ou Supervisor(a),Recursos Humanos,LinkedIn,"Menu ""Vagas"" no LinkedIn",4,4,4,2,3,2,4,4,4,3,4,4,4,4,3,1,N/A
7/17/2024 17:57:46,1,1,Entre 25-29 anos,fem,São Paulo,São Paulo,Ensino Superior incompleto,Médio completo e superior incompleto,"De R$ 5.001,00 a R$ 10.000,00",Mais de 3 até 6 anos,Empregado(a),Analista Júnior,Finanças e Contabilidade,LinkedIn,"E-mail, Menu ""Vagas"" no LinkedIn",4,3,4,2,2,2,4,2,4,4,4,2,2,3,1,1,
7/17/2024 17:57:52,1,1,Entre 50-54 anos,fem,São Paulo,Itapevi,Ensino Médio completo,Médio completo e superior incompleto,"De R$ 3.001,00 a R$ 5.000,00",Mais de 10 anos,Empregado(a),Técnico(a),Educação,Prefeitura e órgãos públicos,Publicação em diário oficial,3,3,4,3,2,2,3,3,3,4,4,4,3,4,3,Não,
7/17/2024 18:16:13,1,1,Entre 40-44 anos,fem,São Paulo,São Paulo,Pós-graduação completa,Superior completo,"De R$ 20.001,00 a R$ 100.000,00",Mais de 10 anos,Empregado(a),Gerente,Recursos Humanos,LinkedIn,"Menu ""Vagas"" no LinkedIn",4,4,3,4,2,2,4,4,3,3,3,4,3,4,2,1,
7/17/2024 18:25:04,1,1,Entre 50-54 anos,fem,São Paulo,São Paulo,Pós-graduação completa,Superior completo,"De R$ 3.001,00 a R$ 5.000,00",Mais de 10 anos,Empregado(a),Assistente,Administração e Negócios,Indicação,"Anúncio em grupos no WhatsApp, E-mail, Menu ""Vagas"" no LinkedIn",3,3,3,3,2,2,3,2,3,3,3,3,1,3,3,1,Mais clareza nas informações
7/17/2024 18:25:27,1,1,Entre 40-44 anos,fem,São Paulo,Taboão da Serra,Pós-graduação completa,Superior completo,"De R$ 10.001,00 a R$ 20.000,00",Mais de 10 anos,Desempregado(a),Gerente,Administração e Negócios,LinkedIn,"Menu ""Vagas"" no LinkedIn",3,4,3,4,4,3,3,2,3,2,4,3,3,4,3,Não,
7/17/2024 18:32:23,1,1,Acima de 65 anos,fem,São Paulo,Osasco,Ensino Superior completo,Superior completo,"De R$ 5.001,00 a R$ 10.000,00",Mais de 10 anos,Aposentado(a),Analista Sênior,Administração e Negócios,Indicação,Anúncio em grupos no WhatsApp,4,4,4,4,3,3,4,3,4,4,4,3,3,4,3,Não,Não
7/17/2024 18:33:32,1,1,Entre 25-29 anos,fem,Paraná,Maringá,Pós-gradução incompleta,Superior completo,"De R$ 2.001,00 a R$ 3.000,00",Mais de 6 até 10 anos,Empregado(a),Especialista,Educação,Facebook e/ou Instagram,"Anúncio em grupos no WhatsApp, Anúncios no Facebook, Anúncios no Instagram, Menu ""Vagas"" no LinkedIn",2,4,4,3,2,2,2,4,4,3,4,4,3,3,2,1,Ser claro e objetivo sobre as funções a serem exercidas na empresa
7/17/2024 18:44:28,1,1,Entre 25-29 anos,fem,Paraná,Santa Fé,Ensino Superior incompleto,Médio completo e superior incompleto,"De R$ 3.001,00 a R$ 5.000,00",Mais de 10 anos,Desempregado(a),Técnico(a),Artes e Design,Indicação,Anúncios no Instagram,4,2,4,3,3,3,1,2,3,4,4,4,4,3,1,1,
7/17/2024 18:45:37,1,1,Entre 25-29 anos,fem,São Paulo,Marília,Pós-gradução incompleta,Superior completo,"De R$ 10.001,00 a R$ 20.000,00",De 1 até 3 anos,Empregado(a),Estagiário(a),Direito,LinkedIn,"Menu ""Vagas"" no LinkedIn",3,4,4,2,2,2,2,3,4,4,3,3,2,4,0,1,Não
7/17/2024 18:46:16,1,1,Entre 50-54 anos,masc,São Paulo,Osasco,Ensino Superior incompleto,Médio completo e superior incompleto,"De R$ 2.001,00 a R$ 3.000,00",Mais de 6 até 10 anos,Empregado(a),Gerente,Educação,Sites das empresas,E-mail,2,2,2,2,2,2,3,4,2,3,4,4,4,4,3,1,Não tenho
7/17/2024 18:51:29,1,1,Entre 40-44 anos,fem,Paraná,Santa Fé,Pós-graduação completa,Superior completo,"De R$ 3.001,00 a R$ 5.000,00",Mais de 10 anos,Empregado(a),Analista Sênior,Eventos,Sites de vagas de emprego,E-mail,4,4,3,4,2,1,4,4,4,3,4,4,2,3,2,1,
7/17/2024 18:52:25,1,1,Entre 25-29 anos,fem,Paraná,Santa Fé,Pós-gradução incompleta,Superior completo,"De R$ 3.001,00 a R$ 5.000,00",Mais de 3 até 6 anos,Empregado(a),Auxiliar ou Ajudante,Auxiliar de Diagramação,Pessoalmente na própria empresa,Whatsapp,2,4,4,3,3,3,4,2,4,4,4,3,1,3,1,Não,Adicionando mais vagas a pessoas com dificuldades físicas
7/17/2024 18:54:47,1,1,Entre 30-34 anos,fem,São Paulo,São Paulo,Ensino Superior completo,Superior completo,"De R$ 2.001,00 a R$ 3.000,00",Mais de 10 anos,Empregado(a),Auxiliar ou Ajudante,Operações de Produção,Sites de vagas de emprego,E-mail,4,4,4,3,3,3,3,3,3,3,4,3,2,3,3,Não,Não tenho opinião sobre o assunto
7/17/2024 18:55:09,1,1,Acima de 65 anos,masc,Paraná,Santa Fé,Ensino Fundamental completo,Fundamental completo e médio incompleto,"De R$ 3.001,00 a R$ 5.000,00",Mais de 10 anos,Aposentado(a),Técnico(a),Transporte e Entrega,Pessoalmente na própria empresa,"Menu ""Vagas"" no LinkedIn",4,4,4,4,4,4,3,3,3,3,4,4,4,4,4,Não,
7/17/2024 19:00:09,1,1,Entre 40-44 anos,fem,São Paulo,Campo Limpo Paulista,Ensino Superior completo,Superior completo,"De R$ 5.001,00 a R$ 10.000,00",Mais de 10 anos,Empregado(a),Analista Sênior,Administração e Negócios,Pessoalmente na própria empresa,"Anúncios no Facebook, E-mail, Menu ""Vagas"" no LinkedIn",4,4,3,3,2,2,3,4,4,4,4,3,2,3,2,1,
7/17/2024 19:00:20,1,1,Entre 20-24 anos,fem,São Paulo,São Paulo,Ensino Médio completo,Médio completo e superior incompleto,"De R$ 1.001,00 a R$ 2.000,00",De 1 até 3 anos,Empregado(a),Auxiliar ou Ajudante,Administração e Negócios,Sites de vagas de emprego,"Anúncio em grupos no WhatsApp, E-mail, Menu ""Vagas"" no LinkedIn",4,4,3,2,1,2,2,3,4,2,4,4,3,4,1,Não,
7/17/2024 19:00:43,1,1,Entre 35-39 anos,fem,São Paulo,São Paulo,Ensino Superior completo,Superior completo,"De R$ 5.001,00 a R$ 10.000,00",Mais de 10 anos,Empregado(a),Especialista,Turismo e Hospitalidade,Indicação,E-mail,2,4,4,4,2,2,4,4,4,3,3,2,3,4,4,1,
7/17/2024 19:02:31,1,1,Entre 30-34 anos,fem,São Paulo,Osasco,Ensino Médio completo,Médio completo e superior incompleto,"De R$ 5.001,00 a R$ 10.000,00",Mais de 10 anos,Empregado(a),Gerente,Vendas e Comércio,Pessoalmente na própria empresa,"Anúncio em rádio, Anúncio em grupos no WhatsApp",4,4,4,4,3,4,3,1,4,3,3,4,3,4,3,1,
7/17/2024 19:10:44,1,1,Entre 25-29 anos,fem,São Paulo,São Paulo,Ensino Superior completo,Superior completo,"De R$ 5.001,00 a R$ 10.000,00",Mais de 6 até 10 anos,Empregado(a),Analista Pleno,Finanças e Contabilidade,LinkedIn,"Menu ""Vagas"" no LinkedIn",4,4,4,4,3,4,3,4,4,2,4,4,2,4,2,Não,
7/17/2024 19:12:05,1,1,Entre 35-39 anos,fem,São Paulo,Santo André,Pós-graduação completa,Superior completo,"De R$ 3.001,00 a R$ 5.000,00",Mais de 10 anos,Empregado(a),Gerente,Recursos Humanos,Sites de vagas de emprego,"Anúncio em grupos no WhatsApp, E-mail",4,4,4,4,2,2,4,2,4,4,4,4,2,4,2,1,
7/17/2024 19:19:54,1,1,Entre 25-29 anos,masc,Paraná,Sarandi,Ensino Médio completo,Médio completo e superior incompleto,"De R$ 3.001,00 a R$ 5.000,00",Mais de 10 anos,Empregado(a),Auxiliar ou Ajudante,Agricultura e Meio Ambiente,LinkedIn,"Anúncios no Facebook, Anúncios no Instagram, Menu ""Vagas"" no LinkedIn",4,4,4,4,3,2,2,4,4,2,4,4,2,4,2,Não,
7/17/2024 19:26:07,1,1,Entre 45-49 anos,fem,Paraná,Santa Fé,Ensino Superior incompleto,Médio completo e superior incompleto,"De R$ 2.001,00 a R$ 3.000,00",Mais de 10 anos,Desempregado(a),Técnico(a),Vendas e Comércio,Sites das empresas,Anúncio em grupos no WhatsApp,3,4,4,3,3,3,4,2,1,4,4,4,3,4,3,1,1.Divulgando com bastante clareza.De modo que fique bem esclarecido o que profissional deva realizar na mesma.
7/17/2024 19:27:49,1,1,Entre 50-54 anos,fem,São Paulo,São Paulo,Ensino Médio completo,Médio completo e superior incompleto,"De R$ 3.001,00 a R$ 5.000,00",Mais de 10 anos,Empregado(a),Auxiliar ou Ajudante,Saúde,Indicação,E-mail,4,4,4,3,3,3,4,3,4,4,4,4,4,4,2,1,
7/17/2024 19:30:27,1,1,Entre 25-29 anos,fem,São Paulo,São Paulo,Pós-graduação completa,Superior completo,"De R$ 20.001,00 a R$ 100.000,00",Mais de 3 até 6 anos,Empregado(a),Analista Sênior,Direito,LinkedIn,"Menu ""Vagas"" no LinkedIn",3,4,3,3,2,2,4,4,4,4,3,1,1,4,1,1,
7/17/2024 19:35:48,1,1,Entre 25-29 anos,fem,São Paulo,Diadema,Ensino Superior completo,Superior completo,"De R$ 5.001,00 a R$ 10.000,00",Mais de 6 até 10 anos,Empregado(a),Analista Júnior,Recursos Humanos,LinkedIn,"Anúncio em grupos no WhatsApp, E-mail, Menu ""Vagas"" no LinkedIn",4,4,4,4,4,3,4,4,4,3,4,3,2,4,2,1,
7/17/2024 19:43:27,1,1,Entre 30-34 anos,masc,São Paulo,São Paulo,Pós-graduação completa,Superior completo,"De R$ 10.001,00 a R$ 20.000,00",Mais de 10 anos,Empregado(a),Analista Pleno,Marketing e Publicidade,LinkedIn,"Anúncio em grupos no WhatsApp, E-mail, Menu ""Vagas"" no LinkedIn",4,4,3,4,2,1,4,4,4,4,4,3,3,4,2,1,"Hoje estamos na era das redes sociais, com transformações de hábitos das novas gerações cada vez mais virtuais e online. Acredito que um bom caminho seriam as empresas usarem mais anúncios em redes sociais fora só o Linkedin para atingirem mais esses públicos e gerações que cada vez querem algo mais rápido , ligeiro, em 15 ou 30 segundos para serem atraídos, é um bom desafio em que o Mkt em conjunto com os RHs terão."
7/17/2024 19:54:29,1,1,Entre 30-34 anos,masc,São Paulo,São Paulo,Ensino Superior incompleto,Médio completo e superior incompleto,"De R$ 10.001,00 a R$ 20.000,00",Mais de 10 anos,Empregado(a),Especialista,Comunicação e Jornalismo,Facebook e/ou Instagram,Anúncios no Instagram,4,4,4,2,2,2,4,3,4,4,4,4,2,2,2,1,
7/17/2024 19:54:36,1,1,Entre 35-39 anos,fem,São Paulo,Osasco,Ensino Médio completo,Médio completo e superior incompleto,"Até R$ 500,00",Menos de 1 ano,Desempregado(a),Assistente,Freelancer,WhatsApp,Anúncio em grupos no WhatsApp,4,4,4,4,4,4,4,4,4,4,4,4,4,4,4,1,Redes sociais
7/17/2024 20:04:21,1,1,Entre 30-34 anos,masc,São Paulo,São Paulo,Ensino Superior completo,Superior completo,"Até R$ 500,00",Mais de 6 até 10 anos,Desempregado(a),Analista Júnior,Finanças e Contabilidade,LinkedIn,"E-mail, Menu ""Vagas"" no LinkedIn",4,4,4,3,2,2,4,3,4,4,4,3,3,4,0,Não,
7/17/2024 20:07:21,1,1,Entre 25-29 anos,fem,Bahia,Salvador,Ensino Superior completo,Superior completo,"De R$ 10.001,00 a R$ 20.000,00",De 1 até 3 anos,Empregado(a),Gerente,Vendas e Comércio,Sites das empresas,"E-mail, Menu ""Vagas"" no LinkedIn",3,2,4,4,4,3,4,3,2,1,4,4,4,4,4,1,
7/17/2024 20:09:38,1,1,Entre 35-39 anos,fem,São Paulo,São Paulo,Pós-graduação completa,Superior completo,"De R$ 20.001,00 a R$ 100.000,00",Mais de 10 anos,Empregado(a),Gerente,Marketing e Publicidade,Sites de vagas de emprego,"E-mail, Menu ""Vagas"" no LinkedIn",3,3,4,3,3,3,3,2,3,2,3,3,3,3,3,1,Nao
7/17/2024 20:13:04,1,1,Entre 40-44 anos,masc,São Paulo,São Paulo,Ensino Superior completo,Superior completo,"De R$ 5.001,00 a R$ 10.000,00",Mais de 10 anos,Empregado(a),Assistente,Turismo e Hospitalidade,Sites de vagas de emprego,"E-mail, Menu ""Vagas"" no LinkedIn, Sites de vagas de emprego",4,4,4,4,4,4,4,4,4,4,4,4,2,4,2,1,
7/17/2024 20:15:10,1,1,Entre 35-39 anos,fem,São Paulo,São Paulo,Ensino Superior completo,Superior completo,"De R$ 10.001,00 a R$ 20.000,00",Mais de 10 anos,Empregado(a),Analista Pleno,Marketing e Publicidade,LinkedIn,"Anúncio em grupos no WhatsApp, Menu ""Vagas"" no LinkedIn",4,3,4,3,3,2,3,3,4,2,3,3,3,3,4,1,
7/17/2024 20:16:41,1,1,Entre 35-39 anos,fem,São Paulo,Rio Claro,Ensino Médio completo,Médio completo e superior incompleto,"De R$ 3.001,00 a R$ 5.000,00",Mais de 10 anos,Empregado(a),Coordenador(a) ou Supervisor(a),Saúde,Pessoalmente na própria empresa,Anúncios no Instagram,3,4,4,4,4,3,3,4,4,4,4,4,3,4,3,1,
7/17/2024 20:17:48,1,1,Entre 45-49 anos,fem,Rio de Janeiro,Maricá,Ensino Superior completo,Superior completo,"De R$ 3.001,00 a R$ 5.000,00",Mais de 10 anos,Empregado(a),Assistente,Tecnologia da Informação,LinkedIn,"Menu ""Vagas"" no LinkedIn",4,3,4,4,2,2,3,2,4,2,4,4,3,4,2,1,
7/17/2024 20:21:16,1,1,Entre 30-34 anos,fem,São Paulo,Diadema,Pós-graduação completa,Superior completo,"De R$ 5.001,00 a R$ 10.000,00",Mais de 10 anos,Empregado(a),Analista Pleno,Marketing e Publicidade,Sites das empresas,"E-mail, Menu ""Vagas"" no LinkedIn",4,4,3,3,2,2,3,3,4,3,3,2,3,4,2,1,"Acho que a vaga com salário e benefícios surpresa só funciona quando estamos desempregados ou desesperados. Muitas vezes vamos deixar de nos candidatar a uma vaga que não é clara sobre benefícios e remuneração porque sabemos o desgaste que é participar de um processo seletivo para depois nos decepcionarmos caso sejam números abaixo do que procuramos.
Acho importante que todos sejam claros logo de cara (recrutador e candidato) para que o tempo de todos não seja perdido.
Também acho complexo quando os recrutadores estabelecem prazos e não cumprem, fazendo com que fique a sensação de que fomos desclassificados com um “ghosting”."
7/17/2024 20:23:10,1,1,Entre 30-34 anos,masc,São Paulo,São Paulo,Pós-graduação completa,Superior completo,"De R$ 5.001,00 a R$ 10.000,00",Mais de 10 anos,Empregado(a),Analista Sênior,Marketing e Publicidade,LinkedIn,"E-mail, Menu ""Vagas"" no LinkedIn",4,4,4,4,3,3,4,4,4,4,4,4,3,3,3,1,
7/17/2024 20:29:37,1,1,Entre 30-34 anos,masc,São Paulo,São Paulo,Ensino Superior completo,Superior completo,"De R$ 20.001,00 a R$ 100.000,00",Mais de 10 anos,Empregado(a),Especialista,Turismo e Hospitalidade,LinkedIn,"Anúncio em grupos no WhatsApp, E-mail, Menu ""Vagas"" no LinkedIn",4,4,4,4,2,2,3,2,3,3,2,3,2,3,3,1,
7/17/2024 20:37:05,1,1,Entre 30-34 anos,fem,São Paulo,Osasco,Pós-graduação completa,Superior completo,"De R$ 10.001,00 a R$ 20.000,00",Mais de 10 anos,Empregado(a),Coordenador(a) ou Supervisor(a),Recursos Humanos,Sites de vagas de emprego,"Menu ""Vagas"" no LinkedIn",4,4,4,4,4,2,4,4,4,4,4,3,3,3,3,1,
7/17/2024 20:38:03,1,1,Entre 35-39 anos,fem,São Paulo,Osasco,Ensino Superior incompleto,Médio completo e superior incompleto,"De R$ 3.001,00 a R$ 5.000,00",Mais de 10 anos,Empregado(a),Assistente,Vendas e Comércio,Sites de vagas de emprego,E-mail,4,4,4,4,4,4,4,4,4,4,4,4,4,4,3,1,No momento não  tenho nenhum comentário.
7/17/2024 20:38:20,1,1,Entre 25-29 anos,fem,Minas Gerais,Belo Horizonte,Ensino Superior completo,Superior completo,"De R$ 5.001,00 a R$ 10.000,00",Mais de 3 até 6 anos,Empregado(a),Assistente,Marketing e Publicidade,LinkedIn,"Menu ""Vagas"" no LinkedIn",4,4,3,3,3,1,3,2,4,4,4,2,3,3,1,1,Descrever com honestidade as informações da vaga e salário e benefícios
7/17/2024 20:38:21,1,1,Entre 25-29 anos,masc,São Paulo,São Paulo,Pós-gradução incompleta,Superior completo,"De R$ 5.001,00 a R$ 10.000,00",De 1 até 3 anos,Empregado(a),Analista Sênior,Marketing e Publicidade,LinkedIn,"Anúncio em grupos no WhatsApp, Menu ""Vagas"" no LinkedIn",4,3,4,4,2,2,4,2,3,3,4,4,3,4,4,1,
7/17/2024 20:39:54,1,1,Entre 35-39 anos,fem,Paraíba,Cuité,Ensino Médio completo,Médio completo e superior incompleto,"Até R$ 500,00",Menos de 1 ano,Empregado(a),Jovem Aprendiz,Serviços Gerais,Pessoalmente na própria empresa,"Anúncios no Facebook, Anúncios no Instagram",3,0,3,4,1,0,2,1,0,2,3,3,3,4,3,Não,
7/17/2024 20:51:20,1,1,Entre 25-29 anos,fem,São Paulo,São Paulo,Ensino Superior completo,Superior completo,"De R$ 2.001,00 a R$ 3.000,00",Mais de 6 até 10 anos,Empregado(a),Especialista,Gastronomia,Indicação,Anúncios no Instagram,4,4,4,4,2,2,4,3,3,2,4,3,4,4,3,1,
7/17/2024 20:56:39,1,1,Entre 55-59 anos,fem,São Paulo,Santana de Parnaíba,Pós-graduação completa,Superior completo,"De R$ 10.001,00 a R$ 20.000,00",Mais de 10 anos,Aposentado(a),Aposentado(a),Saúde,WhatsApp,E-mail,3,4,3,3,3,2,2,2,3,2,3,3,2,3,3,1,Muito importante detalhar as funções do cargo
7/17/2024 20:57:20,1,1,Entre 40-44 anos,fem,São Paulo,Suzano,Ensino Superior completo,Superior completo,"De R$ 3.001,00 a R$ 5.000,00",Mais de 10 anos,Desempregado(a),Estagiário(a),Educação,Sites de vagas de emprego,E-mail,4,4,4,4,4,4,2,2,4,2,4,4,4,4,4,Não,
7/17/2024 21:01:55,1,1,Entre 35-39 anos,fem,São Paulo,Mauá,Ensino Superior completo,Superior completo,"De R$ 5.001,00 a R$ 10.000,00",Mais de 10 anos,Empregado(a),Analista Pleno,Tecnologia da Informação,LinkedIn,"Menu ""Vagas"" no LinkedIn",4,3,4,4,3,2,3,3,4,3,4,3,2,3,2,1,
7/17/2024 21:02:41,1,1,Entre 18-19 anos,fem,Paraná,Nova Esperança,Ensino Superior incompleto,Médio completo e superior incompleto,"De R$ 2.001,00 a R$ 3.000,00",De 1 até 3 anos,Empregado(a),Estagiário(a),Educação,WhatsApp,"Anúncio em grupos no WhatsApp, E-mail, Menu ""Vagas"" no LinkedIn",4,4,3,4,4,3,4,4,4,4,4,4,4,4,4,1,
7/17/2024 21:06:10,1,1,Entre 20-24 anos,masc,São Paulo,Osasco,Pós-gradução incompleta,Superior completo,"De R$ 10.001,00 a R$ 20.000,00",Mais de 3 até 6 anos,Empregado(a),Especialista,Administração e Negócios,LinkedIn,"Menu ""Vagas"" no LinkedIn",3,4,4,3,2,2,3,4,4,1,1,4,3,3,3,1,
7/17/2024 21:08:33,1,1,Entre 55-59 anos,fem,São Paulo,São Paulo,Pós-graduação completa,Superior completo,"De R$ 3.001,00 a R$ 5.000,00",Mais de 10 anos,Aposentado(a),Gerente,Tecnologia da Informação,LinkedIn,"Menu ""Vagas"" no LinkedIn",4,4,4,4,2,2,3,4,4,3,3,2,3,4,1,1,
7/17/2024 21:08:35,1,1,Entre 20-24 anos,fem,Paraná,Santa Fé,Ensino Superior incompleto,Médio completo e superior incompleto,"De R$ 5.001,00 a R$ 10.000,00",Mais de 6 até 10 anos,Empregado(a),Especialista,Educação,WhatsApp,Anúncios no Instagram,4,3,4,4,3,3,4,4,4,4,4,4,3,4,3,1,
7/17/2024 21:15:56,1,1,Entre 30-34 anos,masc,São Paulo,Osasco,Ensino Superior completo,Superior completo,"De R$ 2.001,00 a R$ 3.000,00",Mais de 10 anos,Empregado(a),Técnico(a),Vendas e Comércio,Sites de vagas de emprego,"Anúncio em grupos no WhatsApp, E-mail",4,4,4,3,3,3,3,2,4,3,4,4,3,3,3,Não,
7/17/2024 21:24:18,1,1,Entre 30-34 anos,fem,São Paulo,São Paulo,Pós-graduação completa,Superior completo,"De R$ 10.001,00 a R$ 20.000,00",Mais de 10 anos,Empregado(a),Especialista,Educação,LinkedIn,E-mail,4,3,4,3,2,2,3,4,4,4,4,3,3,4,3,1,
7/17/2024 21:26:40,1,1,Entre 25-29 anos,masc,São Paulo,São Paulo,Pós-gradução incompleta,Superior completo,"De R$ 2.001,00 a R$ 3.000,00",Mais de 6 até 10 anos,Desempregado(a),Auxiliar ou Ajudante,Administração e Negócios,Sites de vagas de emprego,"Anúncio em grupos no WhatsApp, Evento/feira de recrutamento/mutirões de emprego",4,3,4,3,2,2,4,3,4,4,3,2,2,4,2,1,
7/17/2024 21:28:58,1,1,Entre 35-39 anos,fem,São Paulo,Osasco,Ensino Superior incompleto,Médio completo e superior incompleto,"De R$ 1.001,00 a R$ 2.000,00",Mais de 10 anos,Desempregado(a),Auxiliar ou Ajudante,Logística,Sites das empresas,E-mail,4,4,4,4,2,2,2,3,3,4,4,4,2,4,2,1,
7/17/2024 21:33:22,1,1,Entre 55-59 anos,fem,São Paulo,São Paulo,Pós-graduação completa,Superior completo,"De R$ 5.001,00 a R$ 10.000,00",Mais de 10 anos,Empregado(a),Especialista,Educação,Facebook e/ou Instagram,"Anúncio em grupos no WhatsApp, Anúncios no Instagram",3,4,3,3,3,3,3,3,3,4,3,3,3,4,3,Não,Nao
7/17/2024 21:40:40,1,1,Entre 25-29 anos,fem,São Paulo,São Paulo,Ensino Superior completo,Superior completo,"De R$ 5.001,00 a R$ 10.000,00",Mais de 3 até 6 anos,Empregado(a),Analista Pleno,Recursos Humanos,Sites de vagas de emprego,"Anúncio em grupos no WhatsApp, Menu ""Vagas"" no LinkedIn",4,4,2,4,0,0,4,3,4,4,4,1,2,2,2,1,Ver os funcionários como pessoas e não só como funcionários pagos
7/17/2024 21:42:45,1,1,Entre 25-29 anos,fem,São Paulo,São Paulo,Ensino Superior completo,Superior completo,"De R$ 20.001,00 a R$ 100.000,00",Mais de 6 até 10 anos,Empregado(a),Analista Sênior,Educação,Indicação,"Anúncio em grupos no WhatsApp, Menu ""Vagas"" no LinkedIn",4,4,4,3,2,2,4,4,4,4,4,2,2,4,3,Não,
7/17/2024 21:45:44,1,1,Entre 30-34 anos,fem,São Paulo,Osasco,Pós-graduação completa,Superior completo,"De R$ 5.001,00 a R$ 10.000,00",Mais de 10 anos,Empregado(a),Técnico(a),Saúde,Facebook e/ou Instagram,"Anúncio em grupos no WhatsApp, Anúncios no Facebook, Anúncios no Instagram",2,2,2,2,2,2,1,0,1,1,1,0,0,1,1,Não,
7/17/2024 21:57:15,1,1,Entre 45-49 anos,masc,Paraíba,João Pessoa,Ensino Superior completo,Superior completo,"De R$ 5.001,00 a R$ 10.000,00",Mais de 10 anos,Empregado(a),Coordenador(a) ou Supervisor(a),Administração e Negócios,WhatsApp,"Anúncio em grupos no WhatsApp, Anúncios no Instagram, Menu ""Vagas"" no LinkedIn",4,4,4,4,3,3,4,3,3,3,4,4,3,4,3,Não,
7/17/2024 21:57:32,1,1,Entre 25-29 anos,fem,São Paulo,Carapicuíba,Ensino Superior completo,Superior completo,"De R$ 5.001,00 a R$ 10.000,00",De 1 até 3 anos,Empregado(a),Analista Pleno,Vendas e Comércio,Indicação,E-mail,4,3,3,4,2,2,4,4,4,4,4,3,3,4,3,1,
7/17/2024 21:58:58,1,1,Entre 55-59 anos,fem,São Paulo,Osasco,Pós-graduação completa,Superior completo,"De R$ 5.001,00 a R$ 10.000,00",Mais de 10 anos,Aposentado(a),Especialista,Educação,Indicação,Concurso publico,4,4,4,4,4,4,4,3,4,4,4,4,4,4,4,Não,
7/17/2024 22:02:37,1,1,Entre 55-59 anos,fem,São Paulo,Sorocaba,Ensino Superior completo,Superior completo,"De R$ 5.001,00 a R$ 10.000,00",Mais de 10 anos,Empregado(a),Coordenador(a) ou Supervisor(a),Recursos Humanos,LinkedIn,"Menu ""Vagas"" no LinkedIn",3,4,4,4,3,2,4,4,4,3,3,4,3,4,3,1,Clareza e objetividade
7/17/2024 22:06:28,1,1,Entre 25-29 anos,fem,São Paulo,Osasco,Ensino Médio completo,Médio completo e superior incompleto,"De R$ 2.001,00 a R$ 3.000,00",Mais de 10 anos,Empregado(a),Assistente,Vendas e Comércio,LinkedIn,"E-mail, Menu ""Vagas"" no LinkedIn",4,4,4,4,2,2,4,3,3,4,4,4,4,4,4,1,
7/17/2024 22:14:27,1,1,Entre 30-34 anos,fem,Pernambuco,Paulista,Ensino Médio completo,Médio completo e superior incompleto,"De R$ 1.001,00 a R$ 2.000,00",Menos de 1 ano,Empregado(a),Assistente,Telecomunicações,Indicação,"E-mail, Menu ""Vagas"" no LinkedIn",4,4,4,4,4,4,4,4,4,4,4,4,4,4,4,1,No momento não quero informar
7/17/2024 22:14:31,1,1,Entre 25-29 anos,masc,São Paulo,São Paulo,Ensino Superior completo,Superior completo,"De R$ 10.001,00 a R$ 20.000,00",Mais de 6 até 10 anos,Empregado(a),Analista Júnior,Marketing e Publicidade,Sites das empresas,"Menu ""Vagas"" no LinkedIn",3,4,4,1,1,1,3,3,3,3,4,4,2,3,2,1,Um dos grandes pontos é a falta de informação sobre o salário da vaga oferecida.
7/17/2024 22:29:12,1,1,Entre 25-29 anos,fem,São Paulo,São Paulo,Ensino Superior completo,Superior completo,"De R$ 5.001,00 a R$ 10.000,00",Mais de 6 até 10 anos,Empregado(a),Analista Júnior,Saúde,LinkedIn,"Menu ""Vagas"" no LinkedIn, Indicações de amigos",4,4,4,4,3,2,4,4,4,4,4,4,2,4,2,1,"Deixar claro a proposta (híbrido, home office, presencial? salário? horário?) e como vai funcionar o processo seletivo: quais e como serão as fases?"
7/17/2024 22:32:39,1,1,Entre 20-24 anos,fem,São Paulo,Itapevi,Ensino Superior incompleto,Médio completo e superior incompleto,"De R$ 3.001,00 a R$ 5.000,00",De 1 até 3 anos,Empregado(a),Jovem Aprendiz,Educação,Sites de vagas de emprego,E-mail,4,4,4,3,3,3,4,2,4,3,4,4,2,4,1,Não,
7/17/2024 22:36:42,1,1,Entre 25-29 anos,masc,Goiás,Goiânia,Ensino Superior completo,Superior completo,"De R$ 5.001,00 a R$ 10.000,00",Mais de 6 até 10 anos,Empregado(a),Coordenador(a) ou Supervisor(a),Arquitetura e Urbanismo,Indicação,"Anúncios no Instagram, E-mail, Menu ""Vagas"" no LinkedIn",4,4,4,3,2,2,3,4,4,4,4,2,2,3,2,1,Acredito que o investimento em divulgação através das redes sociais é o melhor caminho.
7/17/2024 22:45:08,1,1,Entre 25-29 anos,masc,São Paulo,São Paulo,Ensino Superior completo,Superior completo,"De R$ 3.001,00 a R$ 5.000,00",Mais de 6 até 10 anos,Empregado(a),Analista Júnior,Arquitetura e Urbanismo,LinkedIn,"Anúncios no Instagram, Menu ""Vagas"" no LinkedIn",4,2,4,4,2,1,3,4,4,4,4,4,0,4,0,1,
7/17/2024 22:57:33,1,1,Entre 50-54 anos,fem,São Paulo,Osasco,Ensino Superior incompleto,Médio completo e superior incompleto,"De R$ 3.001,00 a R$ 5.000,00",Mais de 10 anos,Aposentado(a),Analista Sênior,Administração e Negócios,Sites de vagas de emprego,"Anúncio em grupos no WhatsApp, Menu ""Vagas"" no LinkedIn",4,4,4,4,3,3,3,3,4,4,4,4,3,4,3,1,"Propagandas da TV sobre vagas, jornais da TV "
7/17/2024 22:58:58,1,1,Entre 35-39 anos,fem,São Paulo,São Paulo,Pós-gradução incompleta,Superior completo,"De R$ 5.001,00 a R$ 10.000,00",Mais de 10 anos,Empregado(a),Analista Pleno,Educação,LinkedIn,"Anúncio em grupos no WhatsApp, Menu ""Vagas"" no LinkedIn",4,4,3,4,3,2,4,3,4,4,4,2,2,4,2,1,
7/17/2024 23:01:53,1,1,Entre 20-24 anos,fem,São Paulo,Carapicuíba,Ensino Superior incompleto,Médio completo e superior incompleto,"De R$ 2.001,00 a R$ 3.000,00",Mais de 3 até 6 anos,Desempregado(a),Auxiliar ou Ajudante,Administração e Negócios,Sites de vagas de emprego,"Anúncios no Facebook, E-mail, Menu ""Vagas"" no LinkedIn",4,4,3,2,2,1,3,3,4,3,3,2,2,2,1,1,"1, acredito que passar tudo de importante e de forma breve ajuda muito, seria legal se o canal de vagas já tivesse uma avaliação da empresa também."
7/17/2024 23:08:25,1,1,Entre 18-19 anos,masc,São Paulo,Osasco,Ensino Superior completo,Superior completo,"De R$ 3.001,00 a R$ 5.000,00",De 1 até 3 anos,Empregado(a),Autônomo(a),Marketing e Publicidade,Sites de vagas de emprego,"Menu ""Vagas"" no LinkedIn",2,4,3,4,4,4,3,4,4,3,4,4,4,4,1,1,Não
7/17/2024 23:18:11,1,1,Entre 45-49 anos,fem,Paraná,Santa Fé,Ensino Médio completo,Médio completo e superior incompleto,"De R$ 2.001,00 a R$ 3.000,00",Mais de 10 anos,Desempregado(a),Técnico(a),Segurança do Trabalho,Pessoalmente na própria empresa,"Anúncio em grupos no WhatsApp, Anúncios no Facebook",4,4,4,4,3,3,3,3,4,4,4,4,3,4,3,1,"Acredito que quanto mais informações sobre a vaga melhor, ex : salário, jornada"
7/17/2024 23:31:17,1,1,Entre 30-34 anos,fem,São Paulo,Ribeirão Preto,Pós-gradução incompleta,Superior completo,"De R$ 5.001,00 a R$ 10.000,00",Menos de 1 ano,Empregado(a),Especialista,Agricultura e Meio Ambiente,LinkedIn,"Menu ""Vagas"" no LinkedIn",4,4,4,4,4,0,4,4,4,4,4,4,2,4,2,1,
7/17/2024 23:31:53,1,1,Entre 40-44 anos,fem,São Paulo,São Paulo,Pós-graduação completa,Superior completo,"De R$ 20.001,00 a R$ 100.000,00",Mais de 10 anos,Empregado(a),Gerente,Comunicação e Jornalismo,LinkedIn,"Anúncio em grupos no WhatsApp, E-mail, Menu ""Vagas"" no LinkedIn",4,4,4,3,2,2,3,4,4,3,3,2,3,4,1,1,"Divulgar claramente o salário, nem que seja uma faixa de valores."
7/17/2024 23:56:39,1,1,Entre 30-34 anos,masc,São Paulo,São Paulo,Ensino Superior completo,Superior completo,"De R$ 5.001,00 a R$ 10.000,00",Mais de 10 anos,Empregado(a),Analista Sênior,Comunicação e Jornalismo,LinkedIn,"Anúncio em grupos no WhatsApp, E-mail, Menu ""Vagas"" no LinkedIn",4,3,4,3,2,3,3,4,4,2,2,2,3,4,1,1,Não usando o Gupy tá ótimo. É impessoal e confuso
7/18/2024 0:15:23,1,1,Entre 25-29 anos,fem,São Paulo,Osasco,Pós-gradução incompleta,Superior completo,"De R$ 3.001,00 a R$ 5.000,00",Mais de 6 até 10 anos,Empregado(a),Assistente,Finanças e Contabilidade,Sites de vagas de emprego,"Anúncio em grupos no WhatsApp, E-mail, Menu ""Vagas"" no LinkedIn",4,4,4,4,2,2,3,3,4,3,4,4,4,4,3,1,
7/18/2024 0:18:56,1,1,Entre 25-29 anos,fem,São Paulo,São Paulo,Ensino Superior completo,Superior completo,"De R$ 5.001,00 a R$ 10.000,00",Mais de 10 anos,Empregado(a),Especialista,Tecnologia da Informação,LinkedIn,"Anúncios no Instagram, E-mail, Menu ""Vagas"" no LinkedIn",4,4,4,4,4,4,4,4,4,4,4,4,3,4,2,1,"Atualmente, o que eu mais acompanho são as vagas do LinkedIn. Então, utilizando isto como parâmetro, creio que a função ""Candidatura 1plificada"" é o meio mais rápido e prático, onde mais empresas poderiam adotar, sem ter que direcionar o candidato para sites de vagas onde o currículo será avaliado por Inteligência Artificial. Entendo que para algumas empresas grandes e com vagas com inúmeras candidaturas é humanamente impossível avaliar tantos perfis profissional, mas deveria ter um critério mais humanizado para avaliar os currículos, afinal, são pessoas se candidatando, não robôs."
7/18/2024 0:26:44,1,1,Entre 25-29 anos,masc,São Paulo,São Paulo,Pós-graduação completa,Superior completo,"De R$ 5.001,00 a R$ 10.000,00",Mais de 6 até 10 anos,Empregado(a),Analista Pleno,Tecnologia da Informação,LinkedIn,"Anúncio em grupos no WhatsApp, Evento/feira de recrutamento/mutirões de emprego, Menu ""Vagas"" no LinkedIn, Telegram",3,4,4,4,2,1,4,3,3,4,4,3,2,3,2,1,
7/18/2024 0:28:39,1,1,Entre 25-29 anos,fem,São Paulo,São Paulo,Ensino Médio completo,Médio completo e superior incompleto,"De R$ 5.001,00 a R$ 10.000,00",Menos de 1 ano,Desempregado(a),Auxiliar ou Ajudante,Tecnologia da Informação,Sites de vagas de emprego,"Menu ""Vagas"" no LinkedIn",4,3,4,3,2,2,3,3,2,3,3,2,3,4,3,1,
7/18/2024 6:11:08,1,1,Entre 45-49 anos,fem,São Paulo,Osasco,Ensino Médio incompleto,Fundamental completo e médio incompleto,"De R$ 5.001,00 a R$ 10.000,00",Mais de 10 anos,Desempregado(a),Auxiliar ou Ajudante,Serviços Gerais,Pessoalmente na própria empresa,"Anúncio em grupos no WhatsApp, Anúncios no Facebook, Anúncios no Instagram, Banner/cartaz/outdoor, E-mail, Mídia no ponto de ônibus ou metrô, Propaganda na televisão",4,4,4,4,4,4,4,4,4,4,4,4,4,4,3,1,
7/18/2024 6:57:10,1,1,Entre 20-24 anos,fem,São Paulo,Itapevi,Ensino Superior completo,Superior completo,"De R$ 5.001,00 a R$ 10.000,00",Mais de 3 até 6 anos,Empregado(a),Analista Pleno,Marketing e Publicidade,Sites de vagas de emprego,E-mail,4,4,4,3,2,1,4,4,4,3,4,4,4,4,3,1,"Acredito que o primeiro ponto de extrema importância das empresas quando falamos de processo seletivo, é o feedback pós candidatura. As empresa pecam muito em não fornecer um respaldo ao candidato, muitas vezes causando ansiedade a pessoa que se candidatou. Na divulgação acredito que devesse ser primordial a divulgação do salário, ou então que seja dito já na primeira entrevista, para que ambos não percam tempo. Um edital breve com as informações mais relevantes, e a quantidade de etapas que o candidato irá enfrentar nesse processo. "
7/18/2024 7:28:12,1,1,Entre 25-29 anos,fem,São Paulo,Valinhos,Pós-gradução incompleta,Superior completo,"De R$ 5.001,00 a R$ 10.000,00",Mais de 6 até 10 anos,Empregado(a),Analista Pleno,Farmacêutica e/ou Química,Sites de vagas de emprego,"E-mail, Menu ""Vagas"" no LinkedIn",4,4,4,4,1,0,4,2,3,3,4,4,1,4,3,1,
7/18/2024 7:32:26,1,1,Entre 25-29 anos,masc,São Paulo,Guarulhos,Pós-gradução incompleta,Superior completo,"De R$ 3.001,00 a R$ 5.000,00",Mais de 6 até 10 anos,Empregado(a),Analista Pleno,Tecnologia da Informação,LinkedIn,E-mail,4,4,4,4,4,4,4,4,4,4,4,4,4,4,4,1,Enviando mensagem para os candidatos que mais tem math com a vaga
7/18/2024 7:34:07,1,1,Entre 40-44 anos,fem,Rio de Janeiro,Rio de Janeiro,Pós-graduação completa,Superior completo,"De R$ 3.001,00 a R$ 5.000,00",Mais de 6 até 10 anos,Desempregado(a),Analista Júnior,Turismo e Hospitalidade,LinkedIn,"Menu ""Vagas"" no LinkedIn",4,4,3,4,2,2,4,4,4,4,3,2,2,4,2,1,
7/18/2024 7:44:43,1,1,Entre 25-29 anos,masc,Ceará,Fortaleza,Ensino Superior incompleto,Médio completo e superior incompleto,"De R$ 1.001,00 a R$ 2.000,00",Mais de 3 até 6 anos,Empregado(a),Especialista,Comunicação e Jornalismo,LinkedIn,E-mail,4,3,4,3,3,2,3,3,4,4,4,4,3,2,2,Não,Detalhar mais e sempre colocar o salário
7/18/2024 7:47:16,1,1,Entre 60-64 anos,fem,São Paulo,São Paulo,Ensino Superior completo,Superior completo,"De R$ 5.001,00 a R$ 10.000,00",Mais de 10 anos,Aposentado(a),Coordenador(a) ou Supervisor(a),Administração e Negócios,Sites de vagas de emprego,"Anúncio em grupos no WhatsApp, Menu ""Vagas"" no LinkedIn",4,4,4,3,2,2,3,4,3,2,3,3,2,4,2,1,"Uma coisa que sempre noto, é que não informam o bairro que se localizam as vagas 
E numa cidade tão grande como São Paulo, isso é importante."
7/18/2024 8:10:55,1,1,Entre 25-29 anos,masc,Ceará,Alto santo,Ensino Superior completo,Superior completo,"De R$ 1.001,00 a R$ 2.000,00",Menos de 1 ano,Empregado(a),Auxiliar ou Ajudante,Saúde,Indicação,"Anúncio em grupos no WhatsApp, Anúncios no Instagram",4,4,4,4,4,4,4,4,3,4,4,4,4,4,3,1,
7/18/2024 8:10:57,1,1,Entre 20-24 anos,fem,Ceará,Alto Santo,Pós-graduação completa,Superior completo,"De R$ 1.001,00 a R$ 2.000,00",Mais de 3 até 6 anos,Empregado(a),Técnico(a),Serviços Sociais e Comunitários,Sites das empresas,"Menu ""Vagas"" no LinkedIn",4,2,4,3,2,2,3,4,4,4,4,4,2,4,2,1,
7/18/2024 8:11:01,1,1,Entre 20-24 anos,fem,Ceará,Alto Santo,Pós-graduação completa,Superior completo,"De R$ 1.001,00 a R$ 2.000,00",Mais de 3 até 6 anos,Empregado(a),Técnico(a),Serviços Sociais e Comunitários,Sites das empresas,"Menu ""Vagas"" no LinkedIn",4,2,4,3,2,2,3,4,4,4,4,4,2,4,2,1,
7/18/2024 8:13:08,1,1,Entre 25-29 anos,fem,Ceará,Cascavel,Pós-graduação completa,Superior completo,"De R$ 3.001,00 a R$ 5.000,00",Mais de 3 até 6 anos,Empregado(a),Técnico(a),Educação,Sites de vagas de emprego,"Anúncio em grupos no WhatsApp, Anúncios no Facebook, Anúncios no Instagram, Menu ""Vagas"" no LinkedIn",4,3,4,3,2,2,4,3,3,3,4,4,4,4,3,1,
7/18/2024 8:17:56,1,1,Entre 20-24 anos,fem,Ceará,Alto Santo,Ensino Superior incompleto,Médio completo e superior incompleto,"De R$ 1.001,00 a R$ 2.000,00",Mais de 3 até 6 anos,Desempregado(a),Auxiliar ou Ajudante,Vendas e Comércio,Indicação,"Anúncio em grupos no WhatsApp, Anúncios no Instagram",4,4,4,4,2,2,3,4,4,3,3,4,3,4,2,1,
7/18/2024 8:19:25,1,1,Entre 20-24 anos,masc,São Paulo,Piracicaba,Pós-gradução incompleta,Superior completo,"De R$ 5.001,00 a R$ 10.000,00",Mais de 3 até 6 anos,Empregado(a),Analista Júnior,Tecnologia da Informação,LinkedIn,Anúncio em grupos no WhatsApp,4,3,4,4,4,1,2,4,4,1,3,1,3,4,3,1,Divulgação de Salário
7/18/2024 8:20:28,1,1,Entre 45-49 anos,fem,Ceará,Alto Santo,Pós-graduação completa,Superior completo,"De R$ 1.001,00 a R$ 2.000,00",Mais de 10 anos,Empregado(a),Diretor(a),Educação,Pessoalmente na própria empresa,Vou doreto a empresa,4,4,4,4,4,4,4,4,4,4,4,4,4,4,4,Não,Sempre tem que ter amor envolvido
7/18/2024 8:21:39,1,1,Entre 40-44 anos,masc,Ceará,Cascavel,Ensino Médio completo,Médio completo e superior incompleto,"De R$ 2.001,00 a R$ 3.000,00",Mais de 10 anos,Empregado(a),Auxiliar ou Ajudante,Transporte e Entrega,LinkedIn,"Anúncio em grupos no WhatsApp, Menu ""Vagas"" no LinkedIn",3,2,4,3,2,2,4,3,4,3,3,2,2,3,4,1,Falando seus benefícios q realmente vão pagar
7/18/2024 8:21:42,1,1,Entre 40-44 anos,Prefiro não responder,Santa Catarina,Florianópolis,Pós-graduação completa,Superior completo,"De R$ 5.001,00 a R$ 10.000,00",Mais de 10 anos,Empregado(a),Gerente,Administração e Negócios,LinkedIn,E-mail,3,4,4,4,1,0,3,2,2,0,3,3,1,3,3,Não,Divulgar a faixa Salarial mais cedo
7/18/2024 8:22:51,1,1,Entre 25-29 anos,masc,Ceará,Cascavel,Ensino Superior completo,Superior completo,"De R$ 3.001,00 a R$ 5.000,00",Mais de 3 até 6 anos,Empregado(a),Assistente,Administração e Negócios,LinkedIn,Anúncios no Instagram,4,4,4,3,2,2,3,3,4,4,4,4,4,4,4,1,
7/18/2024 8:23:27,1,1,Entre 18-19 anos,fem,São Paulo,Osasco,Ensino Superior incompleto,Médio completo e superior incompleto,"De R$ 3.001,00 a R$ 5.000,00",De 1 até 3 anos,Empregado(a),Estagiário(a),Ciências e Pesquisa,Sites de vagas de emprego,"Menu ""Vagas"" no LinkedIn",4,3,4,1,3,0,4,4,2,3,1,1,3,4,0,1,"Sempre que possível, clareza na comunicação das funções, salário e bonificação. O valor do salário também deve ser pesquisado e adequado ao mercado e a realidade do funcionário, maior desmotivação são salários mal pagos e candidaturas extremamente complicadas e pouco transparentes para funções e empresas que não correspondem ao padrão que tentam passar com a burocracia."
7/18/2024 8:28:27,1,1,Entre 25-29 anos,fem,Ceará,Cascavel,Ensino Superior completo,Superior completo,"De R$ 3.001,00 a R$ 5.000,00",Mais de 6 até 10 anos,Empregado(a),Gerente,Recursos Humanos,Indicação,Anúncio em grupos no WhatsApp,4,3,2,4,3,3,3,3,3,3,3,3,3,3,3,1,
7/18/2024 8:28:30,1,1,Entre 20-24 anos,masc,Ceará,Fortaleza,Ensino Médio completo,Médio completo e superior incompleto,"De R$ 3.001,00 a R$ 5.000,00",Mais de 6 até 10 anos,Empregado(a),Auxiliar ou Ajudante,Transporte e Entrega,Sites de vagas de emprego,"Anúncio em grupos no WhatsApp, Anúncios no Instagram, Banner/cartaz/outdoor, E-mail, Evento/feira de recrutamento/mutirões de emprego, Panfletos, Propaganda na televisão",4,4,4,4,4,2,2,2,2,3,4,3,1,4,2,1,
7/18/2024 8:35:54,1,1,Entre 35-39 anos,fem,Rio de Janeiro,Rio de Janeiro,Pós-gradução incompleta,Superior completo,"De R$ 3.001,00 a R$ 5.000,00",Mais de 3 até 6 anos,Empregado(a),Analista Júnior,Tecnologia da Informação,LinkedIn,"Menu ""Vagas"" no LinkedIn",4,4,4,3,3,2,2,2,4,4,4,4,4,4,3,1,
7/18/2024 8:36:13,1,1,Entre 20-24 anos,fem,Ceará,Cascavel,Ensino Superior incompleto,Médio completo e superior incompleto,"De R$ 5.001,00 a R$ 10.000,00",Mais de 3 até 6 anos,Empregado(a),Estagiário(a),Saúde,LinkedIn,Anúncios no Instagram,4,4,4,4,3,2,4,4,4,3,4,4,3,4,3,1,
7/18/2024 8:39:07,1,1,Entre 40-44 anos,fem,Rio de Janeiro,Rio de Janeiro,Pós-graduação completa,Superior completo,"De R$ 10.001,00 a R$ 20.000,00",Mais de 10 anos,Empregado(a),Analista Pleno,Finanças e Contabilidade,LinkedIn,"Menu ""Vagas"" no LinkedIn",4,4,4,3,3,2,2,4,3,4,4,2,1,4,2,1,
7/18/2024 8:49:12,1,1,Entre 30-34 anos,masc,São Paulo,Osasco,Pós-graduação completa,Superior completo,"De R$ 5.001,00 a R$ 10.000,00",Mais de 10 anos,Empregado(a),Analista Sênior,Tecnologia da Informação,LinkedIn,"E-mail, Menu ""Vagas"" no LinkedIn",4,4,4,2,2,2,2,3,4,3,4,3,2,4,2,1,
7/18/2024 8:51:55,1,1,Entre 30-34 anos,masc,São Paulo,São Paulo,Pós-graduação completa,Superior completo,"De R$ 5.001,00 a R$ 10.000,00",Mais de 10 anos,Empregado(a),Analista Pleno,Finanças e Contabilidade,LinkedIn,"Menu ""Vagas"" no LinkedIn",4,3,2,2,2,2,2,3,3,1,3,3,2,3,2,1,
7/18/2024 8:53:31,1,1,Entre 20-24 anos,fem,Pará,Belém,Pós-gradução incompleta,Superior completo,"De R$ 3.001,00 a R$ 5.000,00",De 1 até 3 anos,Empregado(a),Analista Júnior,Tecnologia da Informação,LinkedIn,"Anúncio em grupos no WhatsApp, Anúncios no Instagram, E-mail, Menu ""Vagas"" no LinkedIn",3,4,3,2,2,2,2,3,3,3,3,2,1,3,0,Não,
7/18/2024 8:54:55,1,1,Entre 35-39 anos,masc,São Paulo,São Paulo,Ensino Superior completo,Superior completo,"De R$ 10.001,00 a R$ 20.000,00",Mais de 10 anos,Empregado(a),Coordenador(a) ou Supervisor(a),Administração e Negócios,LinkedIn,"Menu ""Vagas"" no LinkedIn",3,4,4,3,1,1,3,4,4,3,4,4,2,4,3,1,
7/18/2024 8:56:45,1,1,Entre 40-44 anos,fem,São Paulo,Santo André,Ensino Superior completo,Superior completo,"De R$ 5.001,00 a R$ 10.000,00",Mais de 10 anos,Empregado(a),Analista Pleno,Comércio Exterior,Sites de vagas de emprego,"Menu ""Vagas"" no LinkedIn",4,4,4,4,3,3,4,3,4,4,4,4,3,4,3,Não,
7/18/2024 8:57:14,1,1,Entre 35-39 anos,fem,São Paulo,Indaiatuba,Pós-graduação completa,Superior completo,"De R$ 20.001,00 a R$ 100.000,00",Mais de 10 anos,Empregado(a),Analista Sênior,Comércio Exterior,LinkedIn,"Menu ""Vagas"" no LinkedIn",4,4,4,4,4,4,4,4,4,2,2,3,4,4,4,1,"Por favor comecem a colocar o salário oferecido na divulgação da vaga ou no mínimo durante o primeiro contato direto com o candidato. Pq muitas vezes todo o processo seletivo acaba sendo uma perda de tempo.
E parem de usar gupy por favor 🙏🏻 rss"
7/18/2024 9:01:35,1,1,Entre 25-29 anos,masc,Minas Gerais,Belo Horizonte,Pós-graduação completa,Superior completo,"De R$ 10.001,00 a R$ 20.000,00",Mais de 10 anos,Empregado(a),Analista Sênior,Tecnologia da Informação,LinkedIn,"E-mail, Menu ""Vagas"" no LinkedIn",3,4,4,3,3,2,2,3,3,3,4,3,2,3,3,Não,
7/18/2024 9:01:41,1,1,Entre 35-39 anos,masc,São Paulo,São Paulo,Pós-gradução incompleta,Superior completo,"De R$ 10.001,00 a R$ 20.000,00",Mais de 3 até 6 anos,Desempregado(a),Analista Pleno,Saúde,LinkedIn,"Anúncio em grupos no WhatsApp, Menu ""Vagas"" no LinkedIn",1,1,3,3,0,2,4,4,4,4,4,4,1,3,0,1,
7/18/2024 9:08:40,1,1,Entre 35-39 anos,fem,São Paulo,Presidente Prudente,Ensino Superior completo,Superior completo,"De R$ 5.001,00 a R$ 10.000,00",Mais de 6 até 10 anos,Desempregado(a),CEO,Saúde,Sites de vagas de emprego,"Anúncios no Facebook, Anúncios no Instagram",4,4,4,4,2,4,2,3,2,2,3,3,3,3,3,Não,Fazer na própria página da empresa a divulgação seje por Facebook ou Instagram.
7/18/2024 9:17:25,1,1,Entre 20-24 anos,fem,Ceará,Cascavel,Ensino Superior incompleto,Médio completo e superior incompleto,"De R$ 3.001,00 a R$ 5.000,00",De 1 até 3 anos,Empregado(a),Assistente,Marketing e Publicidade,Sites de vagas de emprego,"Anúncio em grupos no WhatsApp, Anúncios no Instagram, Menu ""Vagas"" no LinkedIn",4,4,4,3,3,2,4,4,3,4,3,3,3,3,3,Não,
7/18/2024 9:18:47,1,1,Entre 35-39 anos,fem,São Paulo,São Paulo,Pós-gradução incompleta,Superior completo,"De R$ 10.001,00 a R$ 20.000,00",Mais de 10 anos,Empregado(a),Gerente,Tecnologia da Informação,LinkedIn,"E-mail, Menu ""Vagas"" no LinkedIn",4,3,4,2,2,2,3,4,4,3,3,3,2,3,4,Não,
7/18/2024 9:23:18,1,1,Entre 30-34 anos,masc,Rio de Janeiro,Duque de Caxias,Ensino Superior completo,Superior completo,"De R$ 5.001,00 a R$ 10.000,00",Mais de 10 anos,Empregado(a),Gerente,Tecnologia da Informação,LinkedIn,"Menu ""Vagas"" no LinkedIn",4,3,2,3,2,1,4,2,3,2,3,2,1,3,3,1,
7/18/2024 9:24:18,1,1,Entre 45-49 anos,fem,São Paulo,São Paulo,Pós-graduação completa,Superior completo,"De R$ 10.001,00 a R$ 20.000,00",Mais de 10 anos,Empregado(a),Coordenador(a) ou Supervisor(a),Saúde,LinkedIn,"Menu ""Vagas"" no LinkedIn",3,4,4,4,3,3,4,4,4,2,4,4,4,4,3,Não,
7/18/2024 9:26:18,1,1,Entre 55-59 anos,fem,Ceará,Fortaleza,Pós-graduação completa,Superior completo,"De R$ 10.001,00 a R$ 20.000,00",Mais de 10 anos,Empregado(a),Gerente,Saúde,Sites das empresas,"Anúncio em grupos no WhatsApp, Anúncios no Instagram",4,4,4,2,1,1,4,4,2,4,4,3,3,4,4,1,"Deixar clara a faixa salarial por nível de competência para o cargo. Ex: júnior, pleno, sênior"
7/18/2024 9:29:26,1,1,Entre 25-29 anos,fem,São Paulo,São Paulo,Pós-gradução incompleta,Superior completo,"De R$ 20.001,00 a R$ 100.000,00",De 1 até 3 anos,Empregado(a),Analista Júnior,Tecnologia da Informação,LinkedIn,"E-mail, Menu ""Vagas"" no LinkedIn",4,3,4,3,2,2,4,4,4,3,4,3,3,4,3,1,"disponibilizar o valor do salario sem ser ""faixa salarial do mercado"" ou coisa do tipo"
7/18/2024 9:46:16,1,1,Entre 25-29 anos,masc,São Paulo,São Paulo,Ensino Superior incompleto,Médio completo e superior incompleto,"De R$ 5.001,00 a R$ 10.000,00",De 1 até 3 anos,Empregado(a),Analista Júnior,Farmacêutica e/ou Química,LinkedIn,"E-mail, Menu ""Vagas"" no LinkedIn",3,3,3,4,1,1,4,2,4,3,4,2,2,4,3,1,
7/18/2024 9:54:32,1,1,Entre 20-24 anos,masc,São Paulo,Guarulhos,Pós-gradução incompleta,Superior completo,"De R$ 3.001,00 a R$ 5.000,00",Mais de 3 até 6 anos,Empregado(a),Analista Júnior,Tecnologia da Informação,Sites de vagas de emprego,"Anúncio em grupos no WhatsApp, Menu ""Vagas"" no LinkedIn",4,3,4,3,2,1,4,3,4,2,3,1,1,1,1,1,"Deixar claro o salário pretendido (evitar o famoso ""salário a combinar"") para a vaga pode poupar e muito o tempo tanto dos candidatos quanto da própria empresa."
7/18/2024 9:58:07,1,1,Entre 30-34 anos,masc,São Paulo,Santo André,Ensino Superior completo,Superior completo,"De R$ 10.001,00 a R$ 20.000,00",Mais de 10 anos,Empregado(a),Analista Pleno,Tecnologia da Informação,LinkedIn,"Anúncio em grupos no WhatsApp, E-mail, Menu ""Vagas"" no LinkedIn",4,4,4,4,2,2,4,3,4,4,4,4,3,4,3,1,
7/18/2024 10:03:08,1,1,Entre 30-34 anos,fem,Minas Gerais,Três Corações,Pós-graduação completa,Superior completo,"De R$ 5.001,00 a R$ 10.000,00",Mais de 10 anos,Empregado(a),Técnico(a),Finanças e Contabilidade,LinkedIn,"E-mail, Menu ""Vagas"" no LinkedIn",3,3,3,3,3,3,3,4,4,4,4,3,2,3,2,1,As empresas poderiam ser mais claras em relação ao que é esperado e o que é oferecido
7/18/2024 10:04:29,1,1,Entre 30-34 anos,fem,Ceará,Cascavel,Ensino Superior completo,Superior completo,"De R$ 5.001,00 a R$ 10.000,00",Mais de 10 anos,Empregado(a),Especialista,Educação,Indicação,Anúncio em grupos no WhatsApp,4,4,4,4,3,3,4,4,4,4,4,3,2,4,2,1,
7/18/2024 10:14:23,1,1,Entre 40-44 anos,fem,São Paulo,São José dos Campos,Pós-gradução incompleta,Superior completo,"De R$ 10.001,00 a R$ 20.000,00",Mais de 10 anos,Empregado(a),Analista Júnior,Tecnologia da Informação,LinkedIn,"Menu ""Vagas"" no LinkedIn",4,3,4,3,3,3,4,2,4,4,4,3,3,4,4,1,Não
7/18/2024 10:15:53,1,1,Entre 50-54 anos,fem,Paraíba,Campina Grande,Ensino Superior completo,Superior completo,"De R$ 10.001,00 a R$ 20.000,00",Mais de 10 anos,Empregado(a),Gerente,Finanças e Contabilidade,Indicação,Anúncio em rádio,4,3,4,4,3,0,4,2,4,4,4,4,3,3,2,Não,Fazer mais anúncios através de Redes de comunicação
7/18/2024 10:16:46,1,1,Entre 25-29 anos,fem,São Paulo,São Paulo,Ensino Superior completo,Superior completo,"De R$ 10.001,00 a R$ 20.000,00",Mais de 3 até 6 anos,Empregado(a),Analista Júnior,Turismo e Hospitalidade,LinkedIn,"Anúncio em grupos no WhatsApp, Anúncios no Instagram, Menu ""Vagas"" no LinkedIn",3,2,4,3,1,2,4,4,4,3,3,3,2,4,1,1,
7/18/2024 10:17:35,1,1,Entre 40-44 anos,masc,São Paulo,Barueri,Pós-graduação completa,Superior completo,"De R$ 3.001,00 a R$ 5.000,00",Mais de 10 anos,Empregado(a),Coordenador(a) ou Supervisor(a),Vendas e Comércio,LinkedIn,"E-mail, Menu ""Vagas"" no LinkedIn",4,3,4,4,2,1,4,3,4,4,4,3,2,4,2,1,
7/18/2024 10:18:55,1,1,Entre 55-59 anos,masc,Rio de Janeiro,Rio de Janeiro,Pós-graduação completa,Superior completo,"De R$ 10.001,00 a R$ 20.000,00",Mais de 10 anos,Aposentado(a),Diretor(a),Militar,Sites de vagas de emprego,E-mail,4,4,4,4,2,1,4,4,4,4,4,4,3,4,3,1,Não
7/18/2024 10:18:55,1,1,Entre 25-29 anos,masc,São Paulo,Campinas,Pós-gradução incompleta,Superior completo,"De R$ 3.001,00 a R$ 5.000,00",Menos de 1 ano,Desempregado(a),Assistente,Engenharia,LinkedIn,"Anúncio em grupos no WhatsApp, Menu ""Vagas"" no LinkedIn",4,4,4,3,0,2,4,2,4,2,4,2,4,4,4,1,
7/18/2024 10:20:55,1,1,Entre 35-39 anos,fem,São Paulo,São Paulo,Pós-graduação completa,Superior completo,"De R$ 5.001,00 a R$ 10.000,00",Mais de 10 anos,Desempregado(a),Gerente,Eventos,LinkedIn,"Menu ""Vagas"" no LinkedIn",4,4,3,3,2,1,3,3,4,4,3,3,2,3,1,1,"Ter um processo mais claro, usar plataformas que sejam conectadas com o LinkedIn e que evite ter que ficar preenchendo o CV, falar abertamente sobre os benefícios e salário oferecidos, solicitar ao candidato o que realmente condiz com a vaga e não coisas absurdas que jamais serão utilizadas, ter transparência sobre a cultura da empresa"
7/18/2024 10:28:18,1,1,Entre 25-29 anos,fem,Santa Catarina,Itajaí,Pós-gradução incompleta,Superior completo,"De R$ 5.001,00 a R$ 10.000,00",Mais de 3 até 6 anos,Empregado(a),Analista Pleno,Recursos Humanos,LinkedIn,"Anúncio em grupos no WhatsApp, Anúncios no Instagram, E-mail, Menu ""Vagas"" no LinkedIn",4,4,4,3,3,3,4,4,4,4,4,4,3,3,3,1,
7/18/2024 10:28:38,1,1,Entre 35-39 anos,fem,São Paulo,São Paulo,Pós-graduação completa,Superior completo,"De R$ 20.001,00 a R$ 100.000,00",Mais de 6 até 10 anos,Empregado(a),Gerente,Marketing e Publicidade,LinkedIn,"E-mail, Menu ""Vagas"" no LinkedIn",4,3,4,4,2,2,4,3,4,3,4,3,3,4,3,1,
7/18/2024 10:41:41,1,1,Entre 35-39 anos,masc,São Paulo,Itanhaém,Pós-graduação completa,Superior completo,"De R$ 20.001,00 a R$ 100.000,00",Mais de 10 anos,Empregado(a),Especialista,Tecnologia da Informação,LinkedIn,"Menu ""Vagas"" no LinkedIn",2,4,1,0,3,0,3,4,3,3,4,2,0,3,4,1,"Divulgar quais as expectativas para os primeiros 1, 3, 5, 30, 90, 180 dias do novo profissional"
7/18/2024 10:44:36,1,1,Entre 35-39 anos,fem,São Paulo,São Paulo,Ensino Superior completo,Superior completo,"De R$ 5.001,00 a R$ 10.000,00",Mais de 10 anos,Empregado(a),Analista Sênior,Recursos Humanos,LinkedIn,"E-mail, Menu ""Vagas"" no LinkedIn",4,1,3,3,1,1,3,3,3,3,4,3,4,3,3,Não,
7/18/2024 10:59:32,1,1,Entre 60-64 anos,fem,Bahia,Lauro de Freitas,Pós-graduação completa,Superior completo,"De R$ 3.001,00 a R$ 5.000,00",Mais de 10 anos,Aposentado(a),Coordenador(a) ou Supervisor(a),Educação,LinkedIn,"Anúncio em grupos no WhatsApp, Anúncios no Instagram, E-mail, Menu ""Vagas"" no LinkedIn",4,4,4,4,4,3,4,4,4,4,4,4,4,4,3,1,Oportunizar os candidatos sem experiência a serem selecionados para entrevista.
7/18/2024 11:21:39,1,1,Entre 25-29 anos,masc,São Paulo,São Paulo,Pós-gradução incompleta,Superior completo,"De R$ 20.001,00 a R$ 100.000,00",Mais de 3 até 6 anos,Empregado(a),Analista Pleno,Turismo e Hospitalidade,Sites das empresas,"Anúncios no Instagram, E-mail, Menu ""Vagas"" no LinkedIn",3,3,4,3,1,0,3,4,4,3,2,1,1,3,1,Não,
7/18/2024 11:23:24,1,1,Acima de 65 anos,masc,Minas Gerais,Extrema,Pós-graduação completa,Superior completo,"De R$ 3.001,00 a R$ 5.000,00",Mais de 10 anos,Desempregado(a),Diretor(a),Marketing e Publicidade,LinkedIn,"E-mail, Menu ""Vagas"" no LinkedIn",4,4,4,4,3,3,3,2,4,3,4,3,3,4,3,1,Transparência nos resultados e melhores salários
7/18/2024 11:38:13,1,1,Entre 25-29 anos,masc,São Paulo,Osasco,Ensino Superior completo,Superior completo,"De R$ 5.001,00 a R$ 10.000,00",De 1 até 3 anos,Empregado(a),Analista Júnior,Tecnologia da Informação,LinkedIn,"Anúncios no Instagram, E-mail, Menu ""Vagas"" no LinkedIn",4,3,4,4,1,1,3,3,4,2,4,2,2,4,3,Não,"Ter mais clareza sobre as etapas do processo seletivo e quais são as funções esperadas pelo profissional a assumir a vaga me motivam mais aplicar a ela. Além disso, a divulgação do salário e benefícios no início do processo também melhoram ele como um todo."
7/18/2024 13:02:05,1,1,Entre 30-34 anos,masc,São Paulo,São paulo,Pós-graduação completa,Superior completo,"De R$ 5.001,00 a R$ 10.000,00",Mais de 3 até 6 anos,Empregado(a),Coordenador(a) ou Supervisor(a),Operações de Produção,LinkedIn,"Menu ""Vagas"" no LinkedIn",3,3,3,2,2,2,3,3,4,3,3,2,2,3,2,1,
7/18/2024 13:17:59,1,1,Entre 40-44 anos,fem,São Paulo,Caieiras,Pós-graduação completa,Superior completo,"De R$ 5.001,00 a R$ 10.000,00",Mais de 10 anos,Empregado(a),Especialista,Administração e Negócios,Indicação,E-mail,4,4,4,4,4,4,4,4,4,4,4,4,4,4,4,1,
7/18/2024 13:44:49,1,1,Entre 25-29 anos,masc,Goiás,Quirinópolis,Pós-gradução incompleta,Superior completo,"De R$ 5.001,00 a R$ 10.000,00",De 1 até 3 anos,Empregado(a),Assistente,Agricultura e Meio Ambiente,LinkedIn,"Anúncio em grupos no WhatsApp, Anúncios no Instagram, Menu ""Vagas"" no LinkedIn",4,4,4,4,4,4,4,3,4,2,4,4,4,4,4,1,
7/18/2024 14:12:31,1,1,Entre 30-34 anos,fem,São Paulo,São Bernardo Do Campo,Ensino Superior completo,Superior completo,"De R$ 10.001,00 a R$ 20.000,00",Mais de 10 anos,Empregado(a),Especialista,Turismo e Hospitalidade,LinkedIn,"Anúncio em grupos no WhatsApp, Menu ""Vagas"" no LinkedIn",4,4,4,3,2,2,4,4,4,4,4,4,1,4,0,1,
7/18/2024 15:34:55,1,1,Entre 30-34 anos,fem,São Paulo,São Paulo,Pós-gradução incompleta,Superior completo,"De R$ 5.001,00 a R$ 10.000,00",Mais de 10 anos,Desempregado(a),Especialista,Administração e Negócios,Sites das empresas,E-mail,4,4,3,4,3,2,4,4,4,4,4,2,1,4,2,1,
7/18/2024 17:10:18,1,1,Entre 30-34 anos,masc,São Paulo,São Paulo,Pós-graduação completa,Superior completo,"De R$ 10.001,00 a R$ 20.000,00",Mais de 10 anos,Empregado(a),Especialista,Tecnologia da Informação,LinkedIn,"Anúncio em grupos no WhatsApp, Anúncios no Instagram, E-mail, Menu ""Vagas"" no LinkedIn",4,4,4,3,3,3,0,3,4,0,4,4,0,0,3,Não,
7/18/2024 17:17:49,1,1,Entre 20-24 anos,masc,Ceará,Alto Santo,Ensino Superior incompleto,Médio completo e superior incompleto,"De R$ 2.001,00 a R$ 3.000,00",Mais de 6 até 10 anos,Empregado(a),Auxiliar ou Ajudante,Construção Civil,Pessoalmente na própria empresa,Anúncio em grupos no WhatsApp,4,4,4,4,4,4,3,4,4,3,4,4,4,4,2,Não,
7/18/2024 17:23:56,1,1,Entre 20-24 anos,masc,São Paulo,Osasco,Ensino Superior completo,Superior completo,"De R$ 5.001,00 a R$ 10.000,00",Mais de 3 até 6 anos,Empregado(a),Especialista,Vendas e Comércio,LinkedIn,"Menu ""Vagas"" no LinkedIn",4,4,4,4,3,3,4,3,4,4,4,4,2,4,2,1,
7/18/2024 18:06:32,1,1,Entre 30-34 anos,fem,São Paulo,São Paulo,Pós-gradução incompleta,Superior completo,"De R$ 20.001,00 a R$ 100.000,00",Mais de 10 anos,Empregado(a),Especialista,Marketing e Publicidade,LinkedIn,"Anúncio em grupos no WhatsApp, E-mail, Menu ""Vagas"" no LinkedIn",4,3,3,1,2,2,4,3,4,2,4,2,0,4,3,1,
7/18/2024 18:17:46,1,1,Entre 25-29 anos,fem,São Paulo,São Paulo,Pós-gradução incompleta,Superior completo,"De R$ 3.001,00 a R$ 5.000,00",De 1 até 3 anos,Empregado(a),Analista Júnior,Farmacêutica e/ou Química,LinkedIn,"E-mail, Menu ""Vagas"" no LinkedIn",4,4,4,2,2,2,3,2,4,3,4,1,1,4,1,1,
7/18/2024 18:55:09,1,1,Entre 25-29 anos,fem,Paraná,Maringá,Pós-gradução incompleta,Superior completo,"De R$ 3.001,00 a R$ 5.000,00",Mais de 6 até 10 anos,Empregado(a),Técnico(a),Direito,Sites de vagas de emprego,Anúncios no Instagram,4,4,4,4,2,3,4,4,4,4,4,4,3,4,2,1,
7/18/2024 20:58:48,1,1,Entre 25-29 anos,fem,São Paulo,São Paulo,Pós-graduação completa,Superior completo,"De R$ 5.001,00 a R$ 10.000,00",Mais de 10 anos,Empregado(a),Especialista,Marketing e Publicidade,Sites de vagas de emprego,"Anúncio em grupos no WhatsApp, E-mail, Menu ""Vagas"" no LinkedIn",4,3,4,4,3,1,4,3,4,4,4,3,3,4,2,1,
7/19/2024 4:11:31,1,1,Entre 20-24 anos,fem,Minas Gerais,Uberaba,Ensino Superior completo,Superior completo,"De R$ 5.001,00 a R$ 10.000,00",Mais de 6 até 10 anos,Empregado(a),Estagiário(a),Direito,Sites das empresas,"Anúncio em grupos no WhatsApp, Anúncios no Facebook, Anúncios no Instagram, Evento/feira de recrutamento/mutirões de emprego",3,4,4,2,2,2,2,3,4,3,3,2,2,3,3,1,
7/19/2024 9:13:00,1,1,Entre 55-59 anos,fem,São Paulo,São Paulo,Ensino Superior completo,Superior completo,"De R$ 5.001,00 a R$ 10.000,00",Mais de 10 anos,Aposentado(a),Assistente,Finanças e Contabilidade,Indicação,Anúncio em grupos no WhatsApp,4,4,4,3,2,1,4,3,4,3,4,3,2,4,3,1,
7/19/2024 12:09:59,1,1,Entre 30-34 anos,masc,Pará,Belém,Pós-graduação completa,Superior completo,"De R$ 1.001,00 a R$ 2.000,00",Mais de 3 até 6 anos,Desempregado(a),Assistente,Administração e Negócios,Sites de vagas de emprego,"Anúncios no Instagram, Evento/feira de recrutamento/mutirões de emprego, Menu ""Vagas"" no LinkedIn",4,3,4,4,3,3,4,3,4,4,4,4,3,4,4,1,Acredito que os recrutadores deveriam avaliar melhor a perspectiva de potencial do candidato ao invés de levar em conta somente a experiência.
7/19/2024 12:28:14,1,1,Entre 25-29 anos,fem,São Paulo,Osasco,Ensino Superior completo,Superior completo,"De R$ 5.001,00 a R$ 10.000,00",Mais de 3 até 6 anos,Desempregado(a),Assistente,Educação,Sites das empresas,"Anúncios no Facebook, Anúncios no Instagram, Evento/feira de recrutamento/mutirões de emprego",4,4,4,4,3,3,4,4,4,2,3,2,2,4,2,1,
7/19/2024 14:36:10,1,1,Entre 30-34 anos,fem,São Paulo,São Paulo,Pós-graduação completa,Superior completo,"De R$ 5.001,00 a R$ 10.000,00",Mais de 6 até 10 anos,Empregado(a),Analista Pleno,Marketing e Publicidade,LinkedIn,"E-mail, Menu ""Vagas"" no LinkedIn",4,4,4,4,3,3,4,4,4,4,4,4,3,4,3,1,
7/19/2024 19:34:30,1,1,Entre 20-24 anos,fem,São Paulo,Osasco,Ensino Superior incompleto,Médio completo e superior incompleto,"De R$ 1.001,00 a R$ 2.000,00",De 1 até 3 anos,Empregado(a),CEO,Vendas e Comércio,Sites de vagas de emprego,"Anúncios no Instagram, Menu ""Vagas"" no LinkedIn, Propaganda na televisão",3,4,4,4,2,2,3,4,4,3,3,3,4,4,2,1,
7/19/2024 22:15:33,1,1,Entre 35-39 anos,masc,São Paulo,São Paulo,Ensino Superior incompleto,Médio completo e superior incompleto,"De R$ 3.001,00 a R$ 5.000,00",Mais de 10 anos,Empregado(a),Analista Pleno,Tecnologia da Informação,Indicação,"Anúncio em grupos no WhatsApp, Anúncios no Facebook, Menu ""Vagas"" no LinkedIn",4,4,3,3,3,3,4,4,3,3,4,4,3,3,3,1,"Acho que o maior erro das vagas é não estar claro o perfil do candidato que procuram. O RH recebe uma pancada de gente que não lê o que a vaga exige, logo a pessoa que recruta não sabe muito o que procurar nos candidatos e todos perdem tempo, ficando por mais tempo a vaga em aberto. Muito válido, necessário uma conversa com o gestor para abrir mais a mente e a pesquisa no mercado de trabalho. Boa sorte!!!"
7/20/2024 10:53:30,1,1,Entre 55-59 anos,fem,São Paulo,Osasco,Ensino Superior completo,Superior completo,"De R$ 10.001,00 a R$ 20.000,00",Mais de 10 anos,Aposentado(a),Analista Sênior,Recursos Humanos,LinkedIn,"Menu ""Vagas"" no LinkedIn",3,4,4,4,4,3,4,3,4,4,4,4,4,4,4,1,
7/21/2024 23:02:23,1,1,Entre 20-24 anos,fem,São Paulo,Rio das Pedras,Ensino Superior completo,Superior completo,"De R$ 5.001,00 a R$ 10.000,00",De 1 até 3 anos,Empregado(a),Especialista,Educação,Sites das empresas,E-mail,4,4,4,2,1,1,4,4,4,4,3,2,2,3,2,Não,
7/22/2024 15:58:17,1,1,Entre 30-34 anos,fem,Espírito Santo,Linhares,Ensino Médio completo,Médio completo e superior incompleto,"De R$ 5.001,00 a R$ 10.000,00",Mais de 6 até 10 anos,Desempregado(a),Assistente,Administração e Negócios,Facebook e/ou Instagram,Anúncios no Instagram,4,4,4,4,1,1,4,4,4,4,4,3,3,4,3,1,
7/24/2024 7:45:41,1,1,Entre 25-29 anos,masc,Sergipe,Aracaju,Ensino Superior completo,Superior completo,"De R$ 3.001,00 a R$ 5.000,00",Mais de 10 anos,Empregado(a),CEO,Marketing e Publicidade,Sites de vagas de emprego,Anúncio em grupos no WhatsApp,0,0,0,0,0,0,0,0,0,0,0,0,0,0,0,1,
7/24/2024 22:41:14,1,1,Entre 25-29 anos,fem,Paraná,Curitiba,Ensino Superior completo,Superior completo,"De R$ 5.001,00 a R$ 10.000,00",De 1 até 3 anos,Empregado(a),Coordenador(a) ou Supervisor(a),Engenharia,LinkedIn,"Menu ""Vagas"" no LinkedIn",4,3,4,4,2,3,2,4,4,1,4,3,0,4,2,Não,
7/25/2024 11:31:48,1,1,Entre 45-49 anos,fem,São Paulo,São Paulo,Pós-graduação completa,Superior completo,"De R$ 5.001,00 a R$ 10.000,00",Mais de 10 anos,Empregado(a),Gerente,Vendas e Comércio,Sites das empresas,"Menu ""Vagas"" no LinkedIn",4,3,4,2,2,1,3,3,4,4,4,4,3,3,1,1,"Sites confiáveis e ter opção de deixar o currículo no site da empresa, mesmo que seja  administrador por prestador de serviço."
8/1/2024 03:24:54,1,1,Entre 20-24 anos,fem,São Paulo,Santos,Ensino Superior incompleto,Médio completo e superior incompleto,"De R$ 3.001,00 a R$ 5.000,00",Mais de 10 anos,Empregado(a),Assistente,Comércio Exterior,LinkedIn,"Anúncio em grupos no WhatsApp, E-mail, Menu ""Vagas"" no LinkedIn",4,4,4,4,4,3,3,2,3,4,4,4,3,3,3,1,
8/20/2024 8:53:50,1,1,Entre 60-64 anos,fem,São Paulo,São Paulo,Ensino Superior completo,Superior completo,"De R$ 3.001,00 a R$ 5.000,00",Mais de 10 anos,Aposentado(a),Assistente,Vendas e Comércio,Pessoalmente na própria empresa,"Anúncio em grupos no WhatsApp, Banner/cartaz/outdoor, E-mail, Evento/feira de recrutamento/mutirões de emprego, Menu ""Vagas"" no LinkedIn",4,4,4,4,3,3,3,2,3,2,3,3,2,3,2,Não,